Title,Release date,Developer(s),Genre
The Standing Stones,1983-01-01,Peter Schmuckal / Daniel B. Sommers,Puzzle
Archon: The Light and the Dark,1983-01-01,Free Fall Associates,Strategy
Murder on the Zinderneuf,1983-01-01,Free Fall Associates,Board
D-Bug,1983-01-01,ChildWare,Arcade
Worms?,1983-01-01,David Maynard,Strategy
One on One: Dr. J vs. Larry Bird,1983-01-01,Electronic Arts,Sports
M.U.L.E.,1983-01-01,Ozark Softscape,Simulator
Hard Hat Mack,1983-01-01,Michael Abbot / Matthew Alexander,Platformer
Pinball Construction Set,1983-01-01,BudgeCo,Simulator
Axis Assassin,1983-01-01,Electronic Arts,Action
Skyfox,1984-01-01,Ray Tobey,Flight
Mike Edwards' Realm of Impossibility,1984-01-01,BRAM,Action
The Seven Cities of Gold,1984-01-01,Ozark Softscape,Adventure
Adventure Construction Set,1984-01-01,Stuart Smith,Adventure
Music Construction Set,1984-01-01,Will Harvey / Richard Plom,Simulator
Archon II: Adept,1984-01-01,Free Fall Associates,Strategy
Hard Hat Mack,1984-01-01,Michael Abbot / Matthew Alexander,Platformer
Racing Destruction Set,1985-01-01,Rick Koenig,Racing
Alternate Reality: The City,1985-01-01,Philip Price,RPG
Movie maker,1985-01-01,Electronic Arts,Simulator
Skyfox,1985-01-01,Ray Tobey,Flight
Adventure Construction Set,1985-01-01,Stuart Smith,RPG
Golden Oldies Volume 1: Computer Software Classics,1985-01-01,The Software Toolworks,Compilation
Richard Petty's Talladega,1985-01-01,Cosmi,Racing
The Bard's Tale,1985-01-01,Interplay Productions,RPG
Mail Order Monsters,1985-01-01,Paul Reiche III / Evan Robinson / Nicky Robinson,Strategy
Lords of Conquest,1985-01-01,Eon Software,Strategy
The Seven Cities of Gold,1985-01-01,Ozark Softscape,Adventure
Pinball Construction Set,1985-01-01,BudgeCo,Simulator
Heart of Africa,1985-01-01,Ozark Softscape,Adventure 
Age of Adventure,1986-01-01,Electronic Arts,Adventure
World Tour Golf,1986-01-01,Evan Robinson / Nicky Robinson / Paul Reiche III,Simulator
Make Your Own Murder Party,1986-01-01,Trans Fiction Systems,Simulator
Robot Rascals,1986-01-01,Ozark Softscape,Board
Ultimate Wizard,1986-01-01,Progressive Peripherals and Software / Electronic Arts,RPG
Super Boulder Dash,1986-01-01,First Star Software,Puzzle
Marble Madness,1986-01-01,Mark Cerny,Action
Dan Dare: Pilot of the Future,1986-01-01,Gang of Five,Adventure
Pinball Construction Set,1986-01-01,BudgeCo,Simulator
Starflight,1986-01-01,Binary Systems,RPG
Adventure Construction Set,1986-01-01,Glen Tenney,Simulator
Touchdown Football,1986-01-01,Imagic,Sports
Timothy Leary's Mind Mirror,1986-01-01,"Futique, Inc.",Puzzle
Instant Music,1986-01-01,Electronic Arts,Simulator
PHM Pegasus,1986-01-01,Lucasfilm Games,Simulator
Arcticfox,1986-01-01,Dynamix,Simulator
Deluxe Music Construction Set,1986-01-01,Geoff Brown,Simulator
Skyfox,1986-01-01,Ray Tobey,Flight
Patton Versus Rommel,1986-01-01,Chris Crawford,Strategy
The Bard's Tale II: The Destiny Knight,1986-01-01,Interplay Productions,RPG
Amnesia,1986-01-01,Cognetics Corporation,Survival
The Bard's Tale II: The Destiny Knight,1987-01-01,Interplay Productions,RPG
Patton Versus Rommel,1987-01-01,Sculptured Software,Strategy
Earth Orbit Stations,1987-01-01,Karl Buiter,Strategy
Legacy of the Ancients,1987-01-01,"Quest Software, Inc.",RPG
Skate or Die!,1987-01-01,Electronic Arts,Action
The Seven Cities of Gold,1987-01-01,Ozark Softscape,Adventure
Skyfox II: The Cygnus Conflict,1987-01-01,Dynamix,Flight
Earl Weaver Baseball,1987-01-01,Don Daglow / Eddie Dombrower,Sports
Tomahawk,1987-01-01,Digital Integration,Flight
Chuck Yeager's Advanced Flight Trainer,1987-01-01,Lerner Research,Flight
Deathlord,1987-01-01,Electronic Arts,RPG
Amnesia,1987-01-01,Cognetics Corporation,Survival
Game Over II[a],1987-01-01,Dinamic Software,Adventure
Adventure Construction Set,1987-01-01,Stuart Smith,Simulator
Questmaster I: The Prism of Heheutotol,1987-01-01,MicroIllusions,Adventure
Powerplay Hockey,1988-01-01,Electronic Arts,Sports
The Train: Escape to Normandy[e],1988-01-01,Artech Digital Entertainment,Strategy
Aaargh![b],1988-01-01,Binary Design / Sculptured Software,Fighting
Kings of the Beach,1988-01-01,Electronic Arts,Sports
The Bard's Tale,1988-01-01,Interplay Productions,RPG
Zany Golf,1988-01-01,Sandcastle Productions,Sports
Abrams Battle Tank[c],1988-01-01,Dynamix,Simulator
Vixen,1988-01-01,Intelligent Design,Shooter
Modem Wars,1988-01-01,Ozark Softscape,Strategy
Skyfox II: The Cygnus Conflict,1988-01-01,Dynamix,Flight
Rack 'Em,1988-01-01,"Artech Digital Entertainments, Inc.",Simulator
F/A 18 Interceptor,1988-01-01,Intellisoft,Flight
Serve & Volley[d],1988-01-01,Artech D.E. Inc,Sports
Wasteland,1988-01-01,Interplay Productions,RPG
Sentinel Worlds I: Future Magic,1988-01-01,Karl Buiter,RPG
Powerdrome,1988-01-01,Michael Powell,Racing
Caveman Ughlympics,1988-01-01,Dynamix,Sports
Mars Saga,1988-01-01,Westwood Associates,RPG
The Bard's Tale III: Thief of Fate,1988-01-01,Interplay Productions,RPG
Ferrari Formula One,1988-01-01,Electronic Arts / Imagitec Design Inc.,Racing
Fusion,1988-01-01,Bullfrog Productions,Strategy
TKO,1988-01-01,Accolade,Sports
John Madden Football,1988-01-01,Bethesda Softworks,Sports
The Bard's Tale II: The Destiny Knight,1988-01-01,Interplay Productions,RPG
PHM Pegasus,1988-01-01,Lucasfilm Games,Simulator
Shadow of the Beast[g],1989-01-01,Reflections Interactive,Adventure
F-16 Combat Pilot[f],1989-01-01,Black Box,Flight
Skyfox II: The Cygnus Conflict,1989-01-01,Dynamix,Flight
Indianapolis 500: The Simulator,1989-01-01,Papyrus,Racing
Budokan: The Martial Spirit,1989-01-01,Electronic Arts,Fighting
Populous,1989-01-01,Bullfrog Productions,Strategy
Starflight 2: Trade Routes of the Cloud Nebula,1989-01-01,Binary Systems,RPG
The Hound of Shadow,1989-01-01,Eldritch Games,Adventure
The Untouchables,1989-01-01,Ocean Software,Action
Keef the Thief,1989-01-01,Naughty Dog,RPG
Fire King,1989-01-01,Strategic Studies Group,RPG
Starflight,1989-01-01,Binary Systems,RPG
Lakers versus Celtics and the NBA Playoffs,1989-01-01,Electronic Arts,Sports
Powerdrome,1989-01-01,Michael Powell,Racing
688 Attack Sub,1989-01-01,Electronic Arts,Simulator
John Madden Football,1989-01-01,Robin Antonick / John Friedman,Sports
Cartooners,1989-01-01,Electronic Arts,Simulator
SimCity,1989-01-01,Maxis,Simulator
Populous: The Final Frontier,1989-01-01,Bullfrog Productions,Strategy
John Madden Football,1989-01-01,Rob Johnson,Sports
Project Firestart,1989-01-01,Dynamix,Survival
Chuck Yeager's Advanced Flight Trainer 2.0,1989-01-01,Lerner Research,Flight
Populous: The Promised Lands,1989-01-01,Bullfrog Productions,Strategy
Panzer Battles,1989-01-01,SSG Strategic Studies,Strategy
The Archon Collection,1989-01-01,Free Fall Associates,Strategy
Caveman Ughlympics,1989-01-01,Dynamix,Sports
Low Blow,1990-01-01,Synergistic Software,Fighting
Centurion: Defender of Rome,1990-01-01,Bits of Magic,Strategy
The Immortal,1990-01-01,Sandcastle,RPG
Sword of Sodan,1990-01-01,Innerprise,Action
Budokan: The Martial Spirit,1990-01-01,Electronic Arts,Fighting
Powerdrome,1990-01-01,Michael Powell,Racing
Powermonger,1990-01-01,Bullfrog Productions,Strategy
Starflight,1990-01-01,Binary Systems,RPG
The Bard's Tale III: Thief of Fate,1990-01-01,Interplay Productions,RPG
The Bard's Tale Trilogy,1990-01-01,Interplay Productions,RPG
Fountain of Dreams,1990-01-01,Electronic Arts,Adventure
Flood,1990-01-01,Bullfrog Productions,Puzzle
Hard Nova,1990-01-01,Malibu Interactive,RPG
688 Attack Sub,1990-01-01,Electronic Arts,Simulator
Shadow of the Beast II[h],1990-01-01,Reflections Interactive,Action
Ski or Die,1990-01-01,Electronic Arts,Sports
Lakers versus Celtics and the NBA Playoffs,1990-01-01,Electronic Arts,Sports
Projectyle,1990-01-01,Eldritch the Cat,Action
Escape from Hell,1990-01-01,Electronic Arts,Survival
Battle Squadron,1990-01-01,Cope-Com,Shooter
Skate or Die 2: The Search for Double Trouble,1990-01-01,Electronic Arts,Action
Imperium,1990-01-01,The Intelligent Games Co.,Strategy
LHX Attack Chopper,1990-01-01,Electronic Arts,Flight
John Madden Football,1990-01-01,Park Place Productions,Sports
Indianapolis 500: The Simulator,1990-01-01,Papyrus,Racing
King's Bounty,1991-01-01,New World Computing,Strategy
Rampart,1991-01-01,Bitmasters,Action
John Madden Football '92,1991-01-01,Electronic Arts,Sports
The Bard's Tale Construction Set,1991-01-01,Interplay Productions,RPG
688 Attack Sub,1991-01-01,MicroProse,Simulator
PGA Tour Golf,1991-01-01,Sterling Silver Software,Sports
Battle Chess II: Chinese Chess,1991-01-01,Interplay Entertainment,Sports
The Bard's Tale III: Thief of Fate,1991-01-01,Interplay Productions,RPG
John Madden Football,1991-01-01,Park Place Productions,Sports
Earl Weaver Baseball II,1991-01-01,Don Daglow / Eddie Dombrower,Sports
Chuck Yeager's Air Combat,1991-01-01,Brent Iverson,Flight
Are We There Yet?,1991-01-01,"Manley & Associates, Inc.",Board
Centurion: Defender of Rome,1991-01-01,Bits of Magic,Strategy
Might and Magic II: Gates to Another World[j],1991-01-01,New World Computing,RPG
James Pond: Underwater Agent[i],1991-01-01,Millennium Interactive,Action
Fatal Rewind,1991-01-01,Raising Hell Software,Platformer
Birds of Prey,1991-01-01,Argonaut Games,Flight
Starflight,1991-01-01,Binary Systems,RPG
The Immortal,1991-01-01,Sandcastle,RPG
Road Rash (1991),1991-01-01,Electronic Arts,Racing
Starflight 2: Trade Routes of the Cloud Nebula,1991-01-01,MicroMagic,RPG
Marble Madness,1991-01-01,Mark Cerny,Arcade
The Faery Tale Adventure: Book I,1991-01-01,MicroIllusions,RPG
Dark Castle,1991-01-01,Silicon Beach Software,Platformer
NHL Hockey,1991-01-01,Park Place Productions,Sports
Powermonger: World War 1 Edition,1991-01-01,Bullfrog Productions,Strategy
The Magic Candle II: The Four and Forty,1991-01-01,Mindcraft Software,RPG
Lotus Turbo Challenge 2,1991-01-01,Magnetic Fields,Racing
James Pond 2: Codename: RoboCod,1991-01-01,Millennium Interactive / Vectordean,Action
Bulls vs Lakers and the NBA Playoffs,1991-01-01,Electronic Arts,Sports
F-22 Interceptor,1991-01-01,Lerner Research,Flight
Populous II: Trials of the Olympian Gods,1991-01-01,Bullfrog Productions,Strategy
Road Rash (1991),1992-01-01,Peakstar Software,Racing
Risky Woods,1992-01-01,Dinamic Software / Zeus Software,Platformer
Crüe Ball,1992-01-01,NuFX,Pinball
Rolo to the Rescue,1992-01-01,Vectordean,Action
Rings of Power,1992-01-01,Naughty Dog,RPG
Powermonger,1992-01-01,Bullfrog Productions,Strategy
Galahad,1992-01-01,Traveller's Tales,Platformer
Daughter of Serpents,1992-01-01,Eldritch Games,Adventure
Desert Strike: Return to the Gulf,1992-01-01,Electronic Arts,Action
Heroes of the 357th,1992-01-01,Midnight Software,Flight
Road Rash II,1992-01-01,Electronic Arts,Racing
Team USA Basketball,1992-01-01,Electronic Arts,Sports
Air Land Sea,1992-01-01,Electronic Arts,Strategy
Black Crypt,1992-01-01,Raven Software,RPG
John Madden Football,1992-01-01,Park Place Productions,Sports
Lotus: The Ultimate Challenge,1992-01-01,Magnetic Fields,Racing
John Madden Football '93,1992-01-01,Blue Sky Productions,Sports
Hong Kong Mahjong,1992-01-01,Nine Dragons Software,Puzzle
John Madden Football '93,1992-01-01,Electronic Arts,Sports
LHX Attack Chopper,1992-01-01,Electronic Arts,Flight
The Lost Files of Sherlock Holmes,1992-01-01,Mythos Software,Adventure
NHLPA Hockey '93,1992-01-01,Park Place Productions,Sports
Bulls vs. Blazers and the NBA Playoffs,1992-01-01,Electronic Arts,Sports
The Magic Candle III,1992-01-01,Mindcraft Software,RPG
The Aquatic Games,1992-01-01,Millennium Interactive,Sports
Car and Driver,1992-01-01,Lerner Research,Racing
PGA Tour Golf,1992-01-01,Sterling Silver Software,Sports
PGA Tour Golf II,1992-01-01,Polygon Games,Sports
Harley's Humongous Adventure[k],1993-01-01,Visual Concepts,Platformer
Syndicate: American Revolt,1993-01-01,Bullfrog Productions,Strategy
B.O.B.,1993-01-01,Foley Hi-Tech Systems,Shooter
"Ultima VII, Part Two: The Silver Seed",1993-01-01,Origin Systems,RPG
B.O.B.,1993-01-01,Gray Matter Inc.,Shooter
SimCity 2000,1993-01-01,Maxis,Simulator
Ultima Underworld II: Labyrinth of Worlds,1993-01-01,LookingGlass Technologies / Origin Systems,RPG
Mutant League Football,1993-01-01,Electronic Arts,Sports
General Chaos,1993-01-01,Game Refuge Inc.,Strategy
Tony La Russa Baseball,1993-01-01,"Beyond Software, Inc.",Sports
Virtual Pinball,1993-01-01,Bill Budge,Pinball
Jungle Strike,1993-01-01,High Score Productions / Granite Bay Software,Action
NHL Hockey 94,1993-01-01,Park Place Productions,Sports
FIFA International Soccer,1993-01-01,Creative Assembly,Sports
FIFA International Soccer,1993-01-01,Extended Play Productions,Sports
SEAL Team,1993-01-01,Electronic Arts,Shooter
NHL Hockey 94,1993-01-01,High Score Productions,Sports
Wing Commander: Privateer,1993-01-01,Origin Systems,Adventure
NHL Hockey 94,1993-01-01,EA Canada,Sports
Kasparov's Gambit,1993-01-01,Heuristic Software,Strategy
Ultrabots,1993-01-01,Novalogic,Fighting
Michael Jordan in Flight,1993-01-01,Electronic Arts,Sports
Strike Commander,1993-01-01,Origin Systems,Flight
Madden NFL '94,1993-01-01,Visual Concepts / High Score Productions,Sports
Escape from Monster Manor,1993-01-01,Studio 3DO,Action
Bill Walsh College Football,1993-01-01,Electronic Arts / Visual Concepts,Sports
Space Hulk,1993-01-01,[258],Strategy
Space Hulk,1993-01-01,Electronic Arts,Strategy
Super Baseball 2020,1993-01-01,NuFX,Sports
NBA Showdown,1993-01-01,Electronic Arts,Sports
Blades of Vengeance,1993-01-01,Beam Software,Action
F-117 Night Storm,1993-01-01,Electronic Arts,Flight
Bulls vs. Blazers and the NBA Playoffs,1993-01-01,Electronic Arts,Sports
The Labyrinth of Time,1993-01-01,Terra Nova Development,Puzzle
James Pond 3: Operation Starfish,1993-01-01,Millennium Interactive / Vectordean,Action
Peter Pan: A Story Painting Adventure,1993-01-01,Novotrade,Adventure
Syndicate,1993-01-01,Bullfrog Productions / Ocean Software,Strategy
Haunting Starring Polterguy,1993-01-01,Electronic Arts,Action
Technoclash,1993-01-01,Zono,Action
NHL 95,1994-01-01,Visual Concepts,Sports
John Madden Football,1994-01-01,High Score Productions,Sports
NBA Showdown,1994-01-01,Electronic Arts,Sports
Shockwave Assault (a.k.a. Shockwave),1994-01-01,Advanced Technology Group,Shooter
Relentless: Twinsen's Adventure,1994-01-01,Adeline Software International,Adventure
Wings of Glory,1994-01-01,Origin Systems,Flight
Road Rash (1994),1994-01-01,Monkey Do Productions,Racing
Shaq Fu,1994-01-01,Delphine Software International,Fighting
Madden NFL '95,1994-01-01,Visual Concepts,Sports
ShadowCaster,1994-01-01,Raven Software,Shooter
The Complete Ultima VII,1994-01-01,Origin Systems,RPG
Jungle Strike,1994-01-01,High Score Productions / Granite Bay Software,Action
NBA Live 95,1994-01-01,Hitmen Productions,Sports
Rugby World Cup '95,1994-01-01,Electronic Arts UK,Sports
Madden NFL '95,1994-01-01,High Score Productions,Sports
Magic Carpet,1994-01-01,Bullfrog Productions,Shooter
Wing Commander: Armada,1994-01-01,Origin Systems,Adventure
PGA Tour Golf III,1994-01-01,Hitmen Productions,Sports
Urban Strike,1994-01-01,Granite Bay Software / The Edge / Foley Hi-Tech,Action
The Lost Files of Sherlock Holmes,1994-01-01,Mythos Software,Adventure
Pacific Strike,1994-01-01,Origin Systems,Flight
Michael Jordan: Chaos in the Windy City[l],1994-01-01,Electronic Arts,Sports
Pacific Strike Speech Pack,1994-01-01,Origin Systems,Flight
PGA Tour Golf 486,1994-01-01,Hitmen Productions,Sports
Theme Park,1994-01-01,Bullfrog Productions,Simulator
Skitchin',1994-01-01,EA Canada,Action
The Need for Speed,1994-01-01,EA Canada,Racing
PGA European Tour,1994-01-01,Electronic Arts,Sports
Mario Andretti Racing,1994-01-01,Stormfront Studios,Racing
U.S. Navy Fighters,1994-01-01,Electronic Arts,Flight
Cyberia,1994-01-01,Xatrix Entertainment,Action
Noctropolis,1994-01-01,Flashpoint Productions,Adventure
NHL 95,1994-01-01,High Score Productions,Sports
NHL 95,1994-01-01,EA Sports,Sports
Twin Calibre: 688 Attack Sub + Chuck Yeager's Air Combat,1994-01-01,Electronic Arts,Flight
Mutant League Hockey,1994-01-01,Electronic Arts,Sports
NHL 95,1994-01-01,Realtime Associates,Sports
Bill Walsh College Football '95,1994-01-01,High Score Productions,Sports
Powermonger,1994-01-01,Bullfrog Productions,Strategy
FIFA Soccer 95,1994-01-01,Extended Play Productions,Sports
Ultima VIII: Pagan,1994-01-01,Origin Systems,RPG
La Russa Baseball '95,1994-01-01,"Beyond Software, Inc.",Sports
Road Rash 3,1995-01-01,Monkey Do Productions,Racing
FIFA Soccer 96,1995-01-01,Extended Play Productions,Sports
FIFA Soccer 96,1995-01-01,Probe Entertainment,Sports
NHL 96,1995-01-01,High Score Productions,Sports
PGA Tour 96,1995-01-01,Hitmen Productions,Sports
Psychic Detective,1995-01-01,Colossal Pictures / Electronic Arts,Adventure
Extreme Pinball,1995-01-01,Epic MegaGames / Digital Extremes / High Score Entertainment,Pinball
NHL 96,1995-01-01,EA Tiburon,Sports
Fade to Black,1995-01-01,Delphine Software International,Action
PGA Tour 96,1995-01-01,NuFX,Sports
NHL 96,1995-01-01,EA Canada,Sports
Road Rash (1994),1995-01-01,Monkey Do Productions,Racing
The Need for Speed,1995-01-01,EA Canada,Racing
College Football USA 96,1995-01-01,High Score Productions,Sports
Cyberia,1995-01-01,Xatrix Entertainment,Action
CyberMage: Darklight Awakening,1995-01-01,Origin Systems,Action
Crusader: No Remorse,1995-01-01,Origin Systems / Realtime Associates,Shooter
Madden NFL '96,1995-01-01,Tiburon Entertainment / High Score Productions,Sports
Toughman Contest,1995-01-01,High Score Productions / Visual Concepts,Sports
ARL 96,1995-01-01,Creative Assembly,Sports
Theme Park,1995-01-01,Bullfrog Productions,Simulator
Marine Fighters,1995-01-01,Electronic Arts,Flight
Triple Play Baseball '96,1995-01-01,Extended Play,Sports
Australian Rugby League,1995-01-01,I-Space Interactive,Sports
Magic Carpet: Hidden Worlds,1995-01-01,Bullfrog Productions,Shooter
Magic Carpet Plus,1995-01-01,Bullfrog Productions,Shooter
Magic Carpet 2: The Netherworlds,1995-01-01,Bullfrog Productions,Shooter
Space Hulk: Vengeance of the Blood Angels,1995-01-01,Key Game,Strategy
Shockwave: Operation Jumpgate,1995-01-01,Advanced Technology Group,Action
Alone in the Dark 2[m],1995-01-01,Krisalis,Survival
Bloodwings: Pumpkinhead's Revenge,1995-01-01,BAP Interactive,Action
NBA Live 96,1995-01-01,Hitmen Productions,Sports
Foes of Ali,1995-01-01,Gray Matter Inc.,Sports
BioForge,1995-01-01,Origin Systems,Action
NBA Live 96,1995-01-01,EA Canada,Sports
NBA Live 95,1995-01-01,Hitmen Productions,Sports
Theme Park,1995-01-01,Krisalis Software,Simulator
Viewpoint,1995-01-01,Visual Concepts,Shooter
Immercenary,1995-01-01,5 Miles Out,Action
Coach K College Basketball,1995-01-01,Electronic Arts,Sports
Hi-Octane,1995-01-01,Bullfrog Productions,Racing
Shaq Fu,1995-01-01,Tiertex Design Studios,Fighting
The Essential Selection: Sports,1995-01-01,"MicroProse Software, Inc.",Sports
Shockwave 2: Beyond the Gate,1995-01-01,Advanced Technology Group,Action
Shockwave Assault (a.k.a. Shockwave),1995-01-01,Advanced Technology Group,Shooter
3D Atlas,1995-01-01,Electronic Arts,Simulator
Jungle Strike,1995-01-01,High Score Productions / Granite Bay Software,Flight
Jane's Combat Simulators: Advanced Tactical Fighters,1996-01-01,Electronic Arts,Flight
Jane's Combat Simulators: AH-64D Longbow: Flash Point Korea,1996-01-01,Origin Systems,Flight
Jane's Combat Simulators: AH-64D Longbow Limited Edition,1996-01-01,Origin Systems,Flight
Jane's Combat Simulators: Advanced Tactical Fighters – Nato Fighters,1996-01-01,Electronic Arts,Flight
PGA Tour 97,1996-01-01,EA Sports,Sports
Jane's Combat Simulators: AH-64D Longbow,1996-01-01,Origin Systems,Flight
FIFA 97[p],1996-01-01,EA Canada / Extended Play Productions,Sports
Triple Play 97,1996-01-01,EA Canada,Sports
"Need for Speed: Special Edition, The",1996-01-01,EA Canada,Racing
FIFA 97[p],1996-01-01,Rage Software,Sports
FIFA 97[p],1996-01-01,XYZ Productions,Sports
Andretti Racing,1996-01-01,High Score Productions / Stormfront Studios,Racing
Alone in the Dark 2[m],1996-01-01,Krisalis,Survival
AFL Final Fever,1996-01-01,Blue Tongue Entertainment,Sports
NHL 97,1996-01-01,Ceris Software,Sports
NHL 97,1996-01-01,EA Canada,Sports
NHL 97,1996-01-01,High Score Productions,Sports
Wing Commander IV: The Price of Freedom,1996-01-01,Origin Systems,Adventure
Wing Commander IV: The Price of Freedom,1996-01-01,[407][408],Adventure
Wing Commander: Privateer 2: The Darkening,1996-01-01,Origin Systems,Adventure
Krazy Ivan[o],1996-01-01,Psygnosis,Action
PGA Tour 96,1996-01-01,Polygames,Sports
Fade to Black,1996-01-01,Delphine Software International,Action
NBA Live 96,1996-01-01,EA Canada,Sports
The Need for Speed,1996-01-01,EA Canada,Racing
Crusader: No Regret,1996-01-01,Origin Systems,Shooter
Space Hulk: Vengeance of the Blood Angels,1996-01-01,Key Game,Strategy
Loaded[n],1996-01-01,Gremlin Interactive,Shooter
Psychic Detective,1996-01-01,Colossal Pictures / Electronic Arts,Adventure
Cyberia,1996-01-01,Xatrix Entertainment,Action
NHL 97,1996-01-01,Visual Concepts,Sports
NBA Live 97,1996-01-01,NuFX/Hitmen Productions,Sports
Extreme Pinball,1996-01-01,Epic MegaGames / Digital Extremes / High Score Entertainment,Pinball
Genewars,1996-01-01,Bullfrog Productions,Strategy
Magic Carpet,1996-01-01,Bullfrog Productions,Shooter
Fire Fight,1996-01-01,Chaos Works,Fighting
Soviet Strike,1996-01-01,Electronic Arts,Action
Shockwave Assault (a.k.a. Shockwave),1996-01-01,Advanced Technology Group,Flight
Syndicate Wars,1996-01-01,Electronic Arts,Strategy
Relentless: Twinsen's Adventure,1996-01-01,Adeline Software International,Adventure
Clandestiny,1996-01-01,Trilobyte,Adventure
Madden NFL 97,1996-01-01,EA Tiburon,Sports
Die Hard Trilogy[q],1996-01-01,Probe Entertainment,Shooter
Sesame Street: Get Set to Learn,1996-01-01,Creative Wonders / Children's Television Workshop,Educational
NBA Live 97,1996-01-01,EA Canada,Sports
Road Rash (1994),1996-01-01,Buzz Puppet Productions,Racing
The Lost Files of Sherlock Holmes: The Case of the Rose Tattoo,1996-01-01,Mythos Software,Adventure
NBA Live 97,1996-01-01,EA Sports,Sports
Cricket 96,1996-01-01,Beam Software,Sports
NASCAR 98,1997-01-01,Stormfront Studios,Racing
KKnD: Krush Kill 'n' Destroy Xtreme,1997-01-01,Beam Software,Strategy
Galapagos,1997-01-01,Anark Game Studios,Puzzle
"KKnD: Krush, Kill 'n' Destroy",1997-01-01,Beam Software,Strategy
Moto Racer,1997-01-01,SK Software International,Racing
FIFA Soccer Manager,1997-01-01,EA UK,Sports
Jane's Combat Simulators: Longbow 2,1997-01-01,Origin Systems,Flight
Jane's Combat Simulators: Longbow Gold,1997-01-01,Origin Systems,Flight
Jane's Combat Simulators – 688(I) Hunter/Killer,1997-01-01,"Sonalysts, Inc.",Flight
Madden Football 64,1997-01-01,EA Tiburon,Sports
Jane's Combat Simulators: AH-64D Longbow,1997-01-01,Origin Systems,Flight
NBA Live 98,1997-01-01,Tiertex Design Studios,Sports
Jane's Combat Simulators: AH-64D Longbow Limited Edition,1997-01-01,Origin Systems,Flight
NBA Live 98,1997-01-01,EA Canada,Sports
Jane's Combat Simulators: AH-64D Longbow: Flash Point Korea,1997-01-01,Origin Systems,Flight
Jane's Combat Simulators: Advanced Tactical Fighters,1997-01-01,Electronic Arts,Flight
Madden NFL 98,1997-01-01,Tiburon Entertainment,Sports
FIFA: Road to World Cup 98,1997-01-01,XYZ Productions,Sports
FIFA: Road to World Cup 98,1997-01-01,EA Canada / Extended Play Productions,Sports
NBA Live 97,1997-01-01,Realtime Associates,Sports
Jane's Combat Simulators: Advanced Tactical Fighters – Nato Fighters,1997-01-01,Electronic Arts,Flight
FIFA: Road to World Cup 98,1997-01-01,EA Canada,Sports
FIFA: Road to World Cup 98,1997-01-01,Climax Development,Sports
NCAA Football 98,1997-01-01,EA Tiburon,Sports
Jane's Combat Simulators: Fighters Anthology,1997-01-01,Electronic Arts,Flight
Jane's Combat Simulators: U.S. Navy Fighters '97,1997-01-01,Electronic Arts,Flight
NHL 98,1997-01-01,EA Canada,Sports
NBA Live 98,1997-01-01,Realtime Associates,Sports
College Football USA 97,1997-01-01,High Score Productions,Sports
PGA Tour 98,1997-01-01,NuFX,Sports
PGA Tour Pro,1997-01-01,EA Sports,Sports
The Lost World: Jurassic Park,1997-01-01,DreamWorks Interactive,RPG
Darklight Conflict,1997-01-01,Rage Software,Action
AFL 98,1997-01-01,Electronic Arts,Sports
Sid Meier's Gettysburg!,1997-01-01,Firaxis Games,Strategy
Beasts and Bumpkins,1997-01-01,Worldweaver Ltd,Strategy
OverBlood,1997-01-01,Riverhillsoft,Survival
Theme Hospital,1997-01-01,Bullfrog Productions,Simulator
Andretti Racing,1997-01-01,High Score Productions / Stormfront Studios,Racing
Ultima Underworld: The Stygian Abyss,1997-01-01,Blue Sky Productions / Origin Systems,RPG
SCARAB,1997-01-01,Electronic Arts,Shooter
Dungeon Keeper: The Deeper Dungeons,1997-01-01,Bullfrog Productions,Simulator
Triple Play 98,1997-01-01,EA Canada,Sports
Ultima Online,1997-01-01,Origin Systems,RPG
Dungeon Keeper,1997-01-01,Bullfrog Productions,Simulator
V-Rally,1997-01-01,Infogrames Multimedia (North America only),Racing
Nuclear Strike,1997-01-01,Electronic Arts,Action
Pax Corpus,1997-01-01,Cryo Interactive Entertainment,Action
FIFA 64,1997-01-01,EA Canada,Sports
Crusader: No Remorse,1997-01-01,Origin Systems / Realtime Associates,Shooter
Syndicate Wars,1997-01-01,Electronic Arts,Strategy
Wing Commander IV: The Price of Freedom,1997-01-01,[407][408],Adventure
Need for Speed II,1997-01-01,EA Canada,Racing
Wing Commander: Prophecy,1997-01-01,Origin Systems,Adventure
Cricket 97,1997-01-01,Beam Software,Sports
FIFA 97[p],1997-01-01,Perfect Entertainment,Sports
Test Drive 4,1997-01-01,Pitbull Syndicate (Japan only),Racing
Need for Speed II,1997-01-01,EA Seattle,Racing
Need for Speed II: Special Edition,1997-01-01,EA Seattle,Racing
NASCAR 99,1998-01-01,EA Sports / Stormfront Studios,Racing
Auto Destruct,1998-01-01,Neurostone,Racing 
Skullmonkeys,1998-01-01,"The Neverhood, Inc. / DreamWorks Interactive",Platformer
Test Drive 5,1998-01-01,Pitbull Syndicate (Japan only),Racing
Jane's Combat Simulators: F-15,1998-01-01,EA Baltimore,Flight
Jane's Combat Simulators: Attack Pack,1998-01-01,Electronic Arts,Flight
Diablo,1998-01-01,Blizzard North,RPG
Theme Hospital,1998-01-01,Krisalis Software,Simulator
Tiger Woods 99 PGA Tour Golf,1998-01-01,Adrenalin Entertainment,Sports
Golden Nugget 64,1998-01-01,Westwood Studios,Simulator
The F.A. Premier League Football Manager 99,1998-01-01,EA UK,Sports
Small Soldiers,1998-01-01,DreamWorks Interactive,Strategy
The Biggest Names the Best Games,1998-01-01,Electronic Arts,Action
Theme Aquarium,1998-01-01,Tose,Simulator
Bundesliga 99,1998-01-01,EA Canada,Sports
Best of Voodoo,1998-01-01,Electronic Arts,Action
Triple Play 99,1998-01-01,EA Canada,Action
SimSafari,1998-01-01,Maxis,Simulator
Moto Racer 2,1998-01-01,Delphine Software International,Racing
NHL 98,1998-01-01,EA Canada,Sports
Future Cop: LAPD,1998-01-01,EA Redwood Shores,Action
NHL 99,1998-01-01,EA Canada,Sports
Play the Games Vol. 1,1998-01-01,Namco Bandai Entertainment / Infogrames,Action
Need for Speed III: Hot Pursuit,1998-01-01,EA Canada,Racing
Need for Speed III: Hot Pursuit,1998-01-01,EA Seattle,Racing
X Games Pro Boarder,1998-01-01,Radical Entertainment,Action
FIFA 99,1998-01-01,EA Canada,Sports
World Cup 98,1998-01-01,EA Canada,Sports
Warhammer: Dark Omen,1998-01-01,Mindscape / Games Workshop,Strategy
NCAA Football 99,1998-01-01,EA Sports,Sports
Jurassic Park: Trespasser,1998-01-01,DreamWorks Interactive,Action
PGA Tour Gold,1998-01-01,Electronic Arts,Sports
WarGames[r],1998-01-01,Interactive Studios,Strategy
Jane's Combat Simulators: Israeli Air Force,1998-01-01,Pixel Multimedia,Flight
AFL 99,1998-01-01,Electronic Arts,Sports
Populous: The Beginning,1998-01-01,Bullfrog Productions,Action
NBA Live 99,1998-01-01,NuFX,Sports
NBA Live 99,1998-01-01,EA Canada,Sports
Jane's Combat Simulators: Longbow Anthology,1998-01-01,Origin Systems,Flight
Queen: The eYe,1998-01-01,Destination Design,Action
Ultimate Sim,1998-01-01,Electronic Arts,Simulator
Knockout Kings,1998-01-01,Digital Eclipse Software,Fighting
Fighter Pilot,1998-01-01,Charybdis Enterprises,Flight
Ultima Collection,1998-01-01,Origin Systems,RPG
Madden NFL 99,1998-01-01,EA Tiburon,Sports
Jane's Combat Simulators: WWII Fighters,1998-01-01,Electronic Arts,Flight
Road Rash 3D,1998-01-01,Electronic Arts,Racing
ReBoot,1998-01-01,EA Canada,Action
Dungeon Keeper Gold,1998-01-01,Bullfrog Productions,Action
Lands of Lore III,1999-01-01,Westwood Studios,Action
The Biggest Names the Best Games 2,1999-01-01,Electronic Arts,Action
Xena: Warrior Princess,1999-01-01,Universal Studios Digital Arts,RPG
Knockout Kings 2000,1999-01-01,Electronic Arts,Fighting
Madden NFL 2000,1999-01-01,EA Tiburon,Sports
System Shock 2,1999-01-01,Irrational Games / Looking Glass Studios,Action
Knockout Kings 2000,1999-01-01,Black Ops Entertainment,Fighting
Ultima IX: Ascension,1999-01-01,Origin Systems,RPG
Jane's Combat Simulators: USAF,1999-01-01,Pixel Multimedia,Flight
The F.A. Premier League Football Manager 2000,1999-01-01,EA UK,Sports
The Creed,1999-01-01,Insomnia Entertainment,Action
Triple Play 2000,1999-01-01,Treyarch,Action
Hot Wheels Turbo Racing,1999-01-01,Stormfront Studios,Racing
The F.A. Premier League Stars,1999-01-01,EA UK,Sports
WCW Mayhem,1999-01-01,Kodiak Interactive,Action
Tomorrow Never Dies,1999-01-01,Black Ops Entertainment,Action
Tiger Woods PGA Tour 2000,1999-01-01,EA Redwood Shores,Sports
Beetle Adventure Racing!,1999-01-01,Paradigm Entertainment,Racing
Theme Park World,1999-01-01,Bullfrog Productions / Climax Development,Simulator
V-Rally 2,1999-01-01,Eden Studios,Action
The Biggest Names the Best Games 4,1999-01-01,Electronic Arts,Action
Jane's Combat Simulators: Fleet Command,1999-01-01,Sonalysts Combat Simulators,Flight
Sports Car GT,1999-01-01,Image Space Incorporated,Racing
Knockout Kings,1999-01-01,High Score Entertainment / Press Start Inc.,Fighting
Flight Unlimited III,1999-01-01,Looking Glass Studios,Flight
SimCity 3000,1999-01-01,Maxis,Simulator
Sid Meier's Antietam!,1999-01-01,Firaxis Games / BreakAway Games,Action
NCAA Football 2000,1999-01-01,EA Sports,Sports
Sid Meier's Alpha Centauri,1999-01-01,Firaxis Games,Action
NBA Live 2000,1999-01-01,NuFX,Sports
Recoil,1999-01-01,Zipper Interactive / Westwood Studios,Action
Play the Games Vol. 2,1999-01-01,Infogrames / Eidos Interactive,Action
Delta Force 2,1999-01-01,NovaLogic,Shooter
Populous: The Beginning,1999-01-01,Bullfrog Productions,Action
Sid Meier's Alien Crossfire,1999-01-01,Firaxis Games,Action
Populous: The Beginning: Undiscovered Worlds,1999-01-01,Bullfrog Productions,Action
F-22 Lightning 3,1999-01-01,NovaLogic,Action
Deer Hunt Challenge,1999-01-01,"EA Seattle / Inland Productions, Inc.",Action
NASCAR 2000,1999-01-01,EA Sports / Stormfront Studios,Racing
NHL 2000,1999-01-01,EA Canada,Sports
CyberTiger,1999-01-01,EA Redwood Shores,Action
FIFA 2000,1999-01-01,EA Canada,Sports
Supercross 2000,1999-01-01,MBL Research,Sports
Superbikes '99,1999-01-01,Milestone srl,Racing
Rushdown,1999-01-01,Canal+,Action
Need for Speed: High Stakes,1999-01-01,EA Canada,Racing
Need for Speed: High Stakes,1999-01-01,EA Seattle,Racing
Dune 2000,1999-01-01,Intelligent Games / Westwood Studios,Action
NBA Live 2000,1999-01-01,EA Canada,Sports
NASCAR Revolution,1999-01-01,Stormfront Studios,Racing
Street Sk8er,1999-01-01,Atelier Double,Action
Medal of Honor,1999-01-01,DreamWorks Interactive,Shooter
Dungeon Keeper 2,1999-01-01,Bullfrog Productions,Action
NASCAR Road Racing,1999-01-01,Electronic Arts,Racing
Cricket World Cup 99,1999-01-01,Creative Assembly,Sports
Skydive!,1999-01-01,Gonzo Games,Action
Sled Storm,1999-01-01,EA Canada,Action
Road Rash: Jailbreak,2000-01-01,EA Redwood Shores,Racing
Ultima Online: Renaissance,2000-01-01,Origin Systems,RPG
Ultima World Edition,2000-01-01,Electronic Arts,RPG
WCW Backstage Assault,2000-01-01,Kodiak Interactive,Shooter
Racing Mania,2000-01-01,Electronic Arts,Racing
Ultimate Motorcycle Series,2000-01-01,Electronic Arts,Racing
Ultimate Sci-Fi Series,2000-01-01,Electronic Arts,Action
Play the Games Vol. 3,2000-01-01,Eidos Interactive / Infogrames / Electronic Arts,Action
WCW Mayhem,2000-01-01,2n Productions,Action
NCAA Football 2001,2000-01-01,EA Sports,Sports
Nox,2000-01-01,Westwood Pacific,Action
NHL 2001,2000-01-01,EA Canada,Sports
Need for Speed: Porsche Unleashed,2000-01-01,Eden Studios,Racing
Need for Speed: Porsche Unleashed,2000-01-01,EA Canada,Racing
X-Squad,2000-01-01,Electronic Arts Square,Action
Knockout Kings 2001,2000-01-01,Electronic Arts,Fighting
NHL Rock the Rink,2000-01-01,EA Canada,Sports
Ultimate Hunt Challenge,2000-01-01,EA Seattle,Action
Rugby,2000-01-01,Creative Assembly,Sports
Supercross 2001,2000-01-01,Page 44 Studios,Racing
UEFA Euro 2000,2000-01-01,EA Canada,Sports
Superbike 2001,2000-01-01,Milestone srl,Racing
Madden NFL 2001,2000-01-01,EA Tiburon,Sports
Madden NFL 2001,2000-01-01,3d6 Games,Sports
Superbike 2000,2000-01-01,Milestone srl,Racing
Street Sk8er 2,2000-01-01,Atelier Double,Action
Medal of Honor: Underground,2000-01-01,DreamWorks Interactive,Shooter
The Biggest Names the Best Games 3,2000-01-01,Electronic Arts,Action
Mobil 1 British Rally Championship,2000-01-01,Magnetic Fields / Creative Asylum Limited,Action
The F.A. Premier League Football Manager 2000,2000-01-01,Krisalis Software,Sports
The F.A. Premier League Football Manager 2001,2000-01-01,EA UK,Sports
SimMania Pack,2000-01-01,Electronic Arts,Simulator
SimCity 3000 Unlimited,2000-01-01,Maxis,Simulator
The F.A. Premier League Stars 2001,2000-01-01,EA UK,Sports
Sid Meier's Alpha Centauri Planetary Pack,2000-01-01,Firaxis Games,Action
NBA Live 2001,2000-01-01,EA Sports,Sports
The Sims,2000-01-01,Maxis,Simulator
NASCAR 2000,2000-01-01,EA Sports / Stormfront Studios,Racing
NASCAR 2000,2000-01-01,Software Creations,Racing
NASCAR 2001,2000-01-01,Black Box Games,Racing
Theme Park World,2000-01-01,Bullfrog Productions / Climax Development,Simulator
NASCAR 2001,2000-01-01,EA Sports,Racing
Shogun: Total War[a],2000-01-01,The Creative Assembly,Strategy
Tiger Woods PGA Tour 2000,2000-01-01,Rainbow Studios,Sports
Tiger Woods PGA Tour 2000,2000-01-01,Xantera,Sports
Tiger Woods PGA Tour 2001,2000-01-01,Headgate Studios,Sports
Tiger Woods PGA Tour 2001,2000-01-01,Stormfront Studios,Sports
Triple Play 2001,2000-01-01,Handheld Games,Action
Swing Away Golf[c],2000-01-01,T&E Soft,Action
SSX,2000-01-01,EA Canada,Action
NASCAR Rumble,2000-01-01,EA Redwood Shores,Racing
The Sims: Livin' Large,2000-01-01,Maxis,Simulator
Triple Play 2001,2000-01-01,Treyarch,Action
007 Racing,2000-01-01,Eutechnyx,Racing
Front Office Football 2001,2000-01-01,Solecismic Software,Sports
Cricket 2000,2000-01-01,Krisalis Software,Sports
EA Sports Mania Pack,2000-01-01,Various,Sports
Command & Conquer: Red Alert 2,2000-01-01,Westwood Studios,Strategy
Aquarium,2000-01-01,Tose,Action
American McGee's Alice,2000-01-01,Rogue Entertainment,Action
F1 Championship Season 2000,2000-01-01,Image Space Incorporated / Visual Sciences,Racing
F1 Manager,2000-01-01,Intelligent Games,Racing
F1 2000,2000-01-01,Visual Sciences,Racing
Delta Force: Land Warrior,2000-01-01,NovaLogic,Shooter
FIFA Football 2001,2000-01-01,EA Canada,Sports
007: The World is Not Enough,2000-01-01,Eurocom,Racing
007: The World is Not Enough,2000-01-01,Black Ops Entertainment,Racing
Championship Bass,2000-01-01,Engineering Animation,Action
F1 2000,2000-01-01,Image Space Incorporated,Racing
CyberTiger,2000-01-01,Saffire,Action
Buick PGA Tour Courses,2000-01-01,EA Redwood Shores,Sports
Jane's Combat Simulators: Air Superiority Collection,2000-01-01,Electronic Arts,Flight
Jane's Combat Simulators: F/A-18 Simulator,2000-01-01,Electronic Arts,Flight
Jane's Combat Simulators: Naval Warfare Collection,2000-01-01,Electronic Arts,Flight
Kessen[b],2000-01-01,Koei,Action
CyberTiger,2000-01-01,Xantera,Action
Harry Potter and the Sorcerer's Stone,2001-01-01,KnowWonder,Adventure
The F.A. Premier League Stars 2001,2001-01-01,Krisalis Software / EA Bright Light,Sports
The Sims: Hot Date,2001-01-01,Maxis,Simulator
Racing Mania 2,2001-01-01,Electronic Arts,Racing
Electronic Arts Top Ten Family Fun Pack,2001-01-01,Various,Action
Moto Racer 3[f],2001-01-01,Delphine Software International,Racing
Majestic,2001-01-01,Anim-X,Action
Electronic Arts Top Ten Pak,2001-01-01,Various,Action
Elitserien 2001,2001-01-01,Electronic Arts,Action
Emperor: Battle for Dune,2001-01-01,Intelligent Games / Westwood Studios,Action
The Simpsons: Road Rage,2001-01-01,Radical Entertainment,Racing
The Sims: House Party,2001-01-01,Maxis,Simulator
NASCAR Thunder 2002,2001-01-01,EA Tiburon,Racing
Rumble Racing,2001-01-01,EA Redwood Shores,Racing
Motor City Online,2001-01-01,EA Seattle,Action
Harry Potter and the Sorcerer's Stone,2001-01-01,Griptonite Games,Adventure
SSX Tricky,2001-01-01,EA Canada,Action
Command & Conquer: Yuri's Revenge,2001-01-01,Westwood Studios,Strategy
Tiger Woods PGA Tour 2001,2001-01-01,EA Redwood Shores,Sports
Majestic: Special Edition,2001-01-01,Anim-X,Action
Shogun: Total War - The Mongol Invasion,2001-01-01,The Creative Assembly,Strategy
Shogun: Total War: Warlord Edition,2001-01-01,The Creative Assembly,Strategy
Harry Potter and the Sorcerer's Stone,2001-01-01,Argonaut Games,Adventure
Dark Age of Camelot,2001-01-01,Mythic Entertainment / Broadsword Online Games,Action
Rugby,2001-01-01,Creative Assembly,Sports
Theme Park Inc.,2001-01-01,Bullfrog Productions / Climax Group,Simulator
Madden NFL 2002,2001-01-01,EA Tiburon / Budcat Creations,Sports
F1 2001,2001-01-01,EA UK,Racing
NBA Street,2001-01-01,EA Canada / NuFX,Sports
007: The World is Not Enough,2001-01-01,2n Productions,Racing
Outdoorsman Mania,2001-01-01,"Inland Productions, Inc.",Action
Cel Damage,2001-01-01,Pseudo Interactive,Action
Adventure Pinball: Forgotten Island,2001-01-01,Digital Extremes,Action
Play the Games Vol. 4,2001-01-01,Eidos Interactive / Infogrames / Electronic Arts,Action
Torrente[d],2001-01-01,"Virtual Toys, S.L.",Action
Pooh and Tigger's Hunny Safari[e],2001-01-01,Digital Eclipse,Action
Ultima Online: Third Dawn,2001-01-01,Origin Systems,RPG
The F.A. Premier League Football Manager 2002,2001-01-01,EA UK,Sports
Clive Barker's Undying,2001-01-01,EA Los Angeles,Action
Black & White,2001-01-01,Lionhead Studios,Action
Sub Command,2001-01-01,Sonalysts,Strategy
NHL 2002,2001-01-01,EA Canada,Sports
NCAA Football 2002,2001-01-01,EA Sports,Sports
NBA Live 2002,2001-01-01,NuFX,Sports
NBA Live 2002,2001-01-01,EA Canada,Sports
Knockout Kings 2001,2001-01-01,Black Ops Entertainment,Fighting
Triple Play Baseball,2001-01-01,Treyarch,Sports
NBA Live 2001,2001-01-01,EA Sports,Sports
Command & Conquer: Theater of War,2001-01-01,Westwood Studios,Strategy
007: Agent Under Fire,2001-01-01,EA Redwood Shores,Action
F1 2001,2001-01-01,Image Space Incorporated,Racing
Comanche 4,2001-01-01,Novalogic,Action
FIFA Football 2002,2001-01-01,EA Canada,Sports
NCAA Football 2003,2002-01-01,EA Tiburon,Sports
Harry Potter and the Chamber of Secrets,2002-01-01,Argonaut Games,Adventure
Clive Barker's Undying,2002-01-01,EA Los Angeles,Action
Harry Potter and the Chamber of Secrets,2002-01-01,Eurocom,Adventure
Harry Potter and the Chamber of Secrets,2002-01-01,Eurocom / EA UK,Adventure
Command & Conquer: Red Strike,2002-01-01,Westwood Pacific,Strategy
Command & Conquer: Renegade,2002-01-01,Westwood Studios,Strategy
Harry Potter and the Chamber of Secrets,2002-01-01,Griptonite Games,Adventure
Harry Potter and the Chamber of Secrets,2002-01-01,KnowWonder,Adventure
Cel Damage,2002-01-01,Pseudo Interactive,Action
Sled Storm,2002-01-01,EA Canada,Action
SSX Tricky,2002-01-01,EA Canada,Action
Cricket 2002,2002-01-01,HB Studios,Sports
NHL 2002,2002-01-01,Budcat Creations,Sports
NHL 2003,2002-01-01,EA Canada,Sports
FIFA Football 2003,2002-01-01,Exient Entertainment,Sports
FIFA Football 2003,2002-01-01,EA Canada,Sports
Need for Speed: Hot Pursuit 2,2002-01-01,EA Black Box,Racing
Need for Speed: Hot Pursuit 2,2002-01-01,EA Seattle,Racing
NBA Street,2002-01-01,EA Canada / NuFX,Sports
Pirates: The Legend of Black Kat,2002-01-01,Westwood Studios,Action
Freedom Force,2002-01-01,Irrational Games,Shooter
Freekstyle,2002-01-01,EA Redwood Shores / Page 44 Studios,Action
Freekstyle,2002-01-01,EA Redwood Shores / Page 44 Studios / Hypnos Entertainment,Action
F1 2002,2002-01-01,Visual Science,Racing
NBA Live 2003,2002-01-01,NuFX,Sports
Creator: Harry Potter and the Chamber of Secrets,2002-01-01,Qube Software,Adventure
NBA Live 2003,2002-01-01,EA Canada,Sports
Electronic Arts Top Ten Red,2002-01-01,Electronic Arts,Action
Electronic Arts Top Ten Blue,2002-01-01,Electronic Arts,Action
Earth & Beyond,2002-01-01,Westwood Studios,Action
Drome Racers,2002-01-01,Attention to Detail,Racing
NASCAR Thunder 2003,2002-01-01,Image Space Incorporated,Racing
NASCAR Thunder 2003,2002-01-01,EA Sports / Budcat Creations,Racing
Galidor: Defenders of the Outer Dimension,2002-01-01,Tiertex Design Studios,Action
Global Operations,2002-01-01,Barking Dog Studios,Action
Desert Strike: Return to the Gulf,2002-01-01,"Budcat Creations, LLC.",Action
Shox,2002-01-01,EA UK,Action
Sid Meier's Civil War Collection,2002-01-01,Firaxis Games / BreakAway Games,Strategy
Sid Meier's SimGolf,2002-01-01,Firaxis Games,Simulator
SimMania for Kids,2002-01-01,Maxis,Simulator
F1 2002,2002-01-01,Image Space Incorporated,Racing
Black & White: Creature Isle,2002-01-01,Lionhead Studios,Action
Buffy the Vampire Slayer,2002-01-01,The Collective,Action
Tiger Woods PGA Tour 2003,2002-01-01,EA Redwood Shores,Sports
The Lord of the Rings: The Two Towers,2002-01-01,Griptonite Games,RPG
The Lord of the Rings: The Two Towers,2002-01-01,Hypnos Entertainment,RPG
The Lord of the Rings: The Two Towers,2002-01-01,Stormfront Studios,RPG
Total Club Manager 2003,2002-01-01,Electronic Arts,Action
Bionicle: Matoran Adventures,2002-01-01,Argonaut Games,Action
Triple Play 2002,2002-01-01,Pandemic Studios,Action
1503 A.D.: The New World,2002-01-01,Max Design,Action
2002 FIFA World Cup,2002-01-01,EA Canada / Creations / Intelligent Games,Sports
Matt Hayes Fishing,2002-01-01,Electronic Arts Seattle,Action
V8 Challenge,2002-01-01,Digital Illusions CE,Action
The Sims: Vacation,2002-01-01,Maxis,Simulator
The Sims: Unleashed,2002-01-01,Maxis,Simulator
Ty the Tasmanian Tiger,2002-01-01,Krome Studios,Action
Tiger Woods PGA Tour 2002,2002-01-01,Rebellion Developments,Sports
2002 FIFA World Cup,2002-01-01,EA Canada / Creations / Tose Software,Sports
Ultima Online: Lord Blackthorn's Revenge,2002-01-01,Origin Systems,RPG
The Sims Online,2002-01-01,Maxis,Simulator
Harry Potter and the Sorcerer's Stone,2002-01-01,Westlake Entertainment,Adventure
Knockout Kings 2002,2002-01-01,Black Ops Entertainment,Fighting
Knockout Kings 2003,2002-01-01,"GameFlow Entertainment, LLC / Electronic Arts Redwood Shores Studio",Fighting
007: Agent Under Fire,2002-01-01,EA Redwood Shores,Action
Tiger Woods PGA Tour 2003,2002-01-01,Headgate Studios,Sports
Island Xtreme Stunts,2002-01-01,Silicon Dreams Studio,Action
Tiger Woods PGA Tour 2002,2002-01-01,EA Redwood Shores,Sports
Tiger Woods PGA Tour 2002,2002-01-01,Headgate Studios,Sports
Medal of Honor: Frontline,2002-01-01,EA Los Angeles,Shooter
007: Nightfire,2002-01-01,Eurocom,Racing
007: Nightfire,2002-01-01,Gearbox Software,Racing
Medal of Honor: Allied Assault[g],2002-01-01,"2015, Inc.",Shooter
Medal of Honor: Allied Assault – Spearhead,2002-01-01,EA Los Angeles,Shooter
Battlefield 1942,2002-01-01,Digital Illusions CE,Shooter
Madden NFL 2003,2002-01-01,EA Tiburon / Budcat Creations,Sports
Tiger Woods PGA Tour 2004,2003-01-01,Headgate Studios,Sports
Battlefield 1942: The Road to Rome,2003-01-01,Digital Illusions CE,Shooter
Drome Racers,2003-01-01,Attention to Detail,Racing
SSX 3,2003-01-01,EA Canada,Action
Rugby 2004,2003-01-01,HB Studios,Sports
Madden NFL 2004,2003-01-01,EA Tiburon,Sports
NASCAR Thunder 2004,2003-01-01,Image Space Incorporated,Racing
NASCAR Thunder 2004,2003-01-01,EA Tiburon,Racing
NASCAR Thunder 2004,2003-01-01,Budcat Creations,Racing
Tiger Woods PGA Tour 2004,2003-01-01,Backbone Emeryville,Sports
SSX 3,2003-01-01,Visual Impact,Action
Madden NFL 2004,2003-01-01,Budcat,Sports
Battlefield 1942: Secret Weapons of WWII,2003-01-01,Digital Illusions CE,Shooter
The Lord of the Rings: The Return of the King,2003-01-01,JAMDAT,RPG
Total Club Manager 2004,2003-01-01,Budcat Creations,Action
007: Everything or Nothing,2003-01-01,Griptonite Games,Racing
NHL 2004,2003-01-01,EA Black Box,Sports
FIFA Football 2004,2003-01-01,Exient Entertainment,Sports
FIFA Football 2004,2003-01-01,EA Canada,Sports
FIFA Football 2003,2003-01-01,EA Canada,Sports
NBA Street Vol. 2,2003-01-01,EA Canada,Sports
007: Nightfire,2003-01-01,JV Games,Racing
Looney Tunes: Back in Action,2003-01-01,Warthog Games,Action
Need for Speed: Underground,2003-01-01,EA Black Box,Racing
Need for Speed: Underground,2003-01-01,Pocketeers,Racing
Aliens Versus Predator: Extinction,2003-01-01,Zono,Action
F1 Challenge '99-'02,2003-01-01,Visual Science,Racing
MVP Baseball 2003,2003-01-01,EA Canada,Sports
F1 Career Challenge,2003-01-01,Visual Science,Racing
Ultima Online: Age of Shadows,2003-01-01,Origin Systems,RPG
NBA Live 2004,2003-01-01,EA Canada,Sports
Total Club Manager 2004,2003-01-01,Electronic Arts,Action
Battlefield 1942: Deluxe Edition,2003-01-01,Digital Illusions CE,Shooter
Freedom Fighters,2003-01-01,IO Interactive,Fighting
Tiger Woods PGA Tour 2004,2003-01-01,EA Redwood Shores,Sports
Disney's Party,2003-01-01,Jupiter Corporation,Action
Harry Potter and the Sorcerer's Stone,2003-01-01,Warthog Games Limited,Adventure
The Sims Bustin' Out,2003-01-01,Maxis,Simulator
The Sims Bustin' Out,2003-01-01,Griptonite Games,Simulator
Disney's Stitch: Experiment 626[h],2003-01-01,High Voltage Software,Action
The Sims,2003-01-01,Edge of Reality,Simulator
The Sim Collection,2003-01-01,Maxis,Simulator
The Need for Speed Collection,2003-01-01,EA Black Box,Racing
The Movie Collection,2003-01-01,Electronic Arts,Action
Best of EA Sports,2003-01-01,Electronic Arts,Sports
Bionicle,2003-01-01,Argonaut Games / Argonaut Sheffield,Action
Harry Potter: Quidditch World Cup,2003-01-01,EA UK,Adventure
Harry Potter and the Chamber of Secrets,2003-01-01,Aspyr,Adventure
Command & Conquer: Generals,2003-01-01,EA Pacific,Strategy
The Lord of the Rings: The Two Towers,2003-01-01,JAMDAT,RPG
Medal of Honor: Allied Assault – Breakthrough,2003-01-01,TKO Software,Shooter
The Command & Conquer Collection,2003-01-01,Westwood Studios,Strategy
The Laptop Collection,2003-01-01,Electronic Arts,Action
Medal of Honor: Rising Sun,2003-01-01,EA Los Angeles,Shooter
The Lord of the Rings: The Return of the King,2003-01-01,EA Redwood Shores,RPG
The Lord of the Rings: The Return of the King,2003-01-01,Griptonite Games,RPG
Medal of Honor: Infiltrator,2003-01-01,Netherock Ltd.,Shooter
The Lord of the Rings: The Return of the King,2003-01-01,Hypnos Entertainment,RPG
Command & Conquer: Generals – Zero Hour,2003-01-01,EA Los Angeles,Strategy
Harry Potter: Quidditch World Cup,2003-01-01,Magic Pockets,Adventure
The Sims,2003-01-01,Maxis,Simulator
NCAA Football 2004,2003-01-01,EA Tiburon,Sports
Gamers Pack,2003-01-01,Electronic Arts,Action
The Sims: Makin' Magic,2003-01-01,Maxis,Simulator
Disney's Party,2003-01-01,Hudson Soft,Action
Ghosthunter[i],2003-01-01,SCE Cambridge Studio,Action
Def Jam Vendetta,2003-01-01,AKI Corporation / EA Canada,Action
The Sims: Superstar,2003-01-01,Maxis,Simulator
SimCity 4,2003-01-01,Maxis,Simulator
SimCity 4: Rush Hour,2003-01-01,Maxis,Simulator
SimMania 2,2003-01-01,Electronic Arts,Simulator
007: Nightfire,2004-01-01,Aspyr,Racing
Burnout 3: Takedown,2004-01-01,Criterion Games,Racing
The Lord of the Rings: The Third Age (Game Boy Advance),2004-01-01,Griptonite Games,RPG
007: Everything or Nothing,2004-01-01,EA Redwood Shores,Racing
The Lord of the Rings: The Third Age,2004-01-01,EA Redwood Shores,RPG
The Lord of the Rings: The Battle for Middle-earth,2004-01-01,EA Los Angeles,RPG
Def Jam: Fight for NY,2004-01-01,AKI Corporation / EA Canada,Fighting
Catwoman,2004-01-01,Argonaut Games,Action
FIFA Football 2004,2004-01-01,EA Canada,Sports
FIFA Football 2005,2004-01-01,EA Canada,Sports
FIFA Football 2005,2004-01-01,Exient Entertainment,Sports
NHL 2005,2004-01-01,EA Black Box,Sports
The Vault of Darkness,2004-01-01,Electronic Arts,Action
The Lord of the Rings: The Return of the King,2004-01-01,Beenox,RPG
NFL Street 2,2004-01-01,EA Tiburon,Sports
NFL Street,2004-01-01,EA Tiburon,Sports
Black & White Deluxe,2004-01-01,Lionhead Studios,Action
Catwoman,2004-01-01,Magic Pockets,Action
Battlefield Vietnam,2004-01-01,DICE Canada,Shooter
The Urbz: Sims in the City,2004-01-01,Griptonite Games,Simulator
Total Club Manager 2005,2004-01-01,Budcat Creations,Action
Total Club Manager 2005,2004-01-01,Electronic Arts,Action
The Sims Bustin' Out,2004-01-01,Ideaworks3D,Simulator
The Sims: Mega Deluxe,2004-01-01,Maxis,Simulator
Ty the Tasmanian Tiger 2: Bush Rescue,2004-01-01,Halfbrick Studios,Action
Ty the Tasmanian Tiger 2: Bush Rescue,2004-01-01,Krome Studios,Action
UEFA Euro 2004,2004-01-01,EA Canada,Sports
Battlefield 1942: World War II Anthology,2004-01-01,Digital Illusions CE,Shooter
Armies of Exigo[k],2004-01-01,Black Hole Entertainment,Action
The Urbz: Sims in the City,2004-01-01,Maxis,Simulator
The Sims 2,2004-01-01,Maxis Redwood Shores,Simulator
Ultima Online: Samurai Empire,2004-01-01,Origin Systems,RPG
Tiger Woods PGA Tour 2005,2004-01-01,Headgate Studios,Sports
Tiger Woods PGA Tour 2005,2004-01-01,EA Redwood Shores,Sports
"Anno 1503: Treasures, Monsters and Pirates",2004-01-01,Max Design,Action
Tiger Woods PGA Tour 2004,2004-01-01,Backbone Emeryville,Sports
EA Games Collection,2004-01-01,Electronic Arts,Action
Need for Speed: Underground 2,2004-01-01,Pocketeers,Racing
Need for Speed: Underground 2,2004-01-01,EA Black Box,Racing
Cricket 2004,2004-01-01,HB Studios,Sports
Tiger Woods PGA Tour 2005,2004-01-01,Sensory Sweep Studios,Sports
The Sims: Triple Deluxe,2004-01-01,Maxis,Simulator
Knights of Honor[j],2004-01-01,Black Sea Studios,Action
Harry Potter and the Prisoner of Azkaban,2004-01-01,Griptonite Games,Adventure
NBA Live 2005,2004-01-01,EA Canada,Sports
MVP Baseball 2004,2004-01-01,EA Canada,Sports
NCAA Football 2005,2004-01-01,EA Tiburon,Sports
Fight Night 2004,2004-01-01,EA Canada / NuFX,Fighting
Madden NFL 2005,2004-01-01,Budcat Creations,Sports
Madden NFL 2005,2004-01-01,Exient Entertainment,Sports
Madden NFL 2005 (Collector's Edition),2004-01-01,EA Tiburon,Sports
Madden NFL 2005,2004-01-01,EA Tiburon,Sports
GoldenEye: Rogue Agent,2004-01-01,EA Los Angeles,Action
NASCAR 2005: Chase for the Cup,2004-01-01,EA Tiburon,Racing
Harry Potter and the Prisoner of Azkaban,2004-01-01,EA UK,Adventure
Medal of Honor: Pacific Assault (Director's Edition DVD),2004-01-01,EA Los Angeles,Shooter
Medal of Honor: Pacific Assault,2004-01-01,EA Los Angeles,Shooter
Harry Potter and the Prisoner of Azkaban,2004-01-01,KnowWonder,Adventure
The Sims: Complete Collection,2005-01-01,Maxis,Simulator
The Sims: Expansion Three-Pack Volume 2,2005-01-01,Maxis,Simulator
Harry Potter and the Goblet of Fire,2005-01-01,EA UK,Adventure
Burnout Revenge,2005-01-01,Criterion Games,Racing
SSX 3,2005-01-01,Exient Entertainment,Action
Surviving High School,2005-01-01,Centerscore / EA Mobile,Action
Fight Night Round 2,2005-01-01,EA Chicago,Fighting
The Sims: Expansion Three-Pack Volume 1,2005-01-01,Maxis,Simulator
Oddworld: Stranger's Wrath,2005-01-01,Oddworld Inhabitants,Action
Ultima Online: Mondain's Legacy,2005-01-01,Electronic Arts,RPG
Burnout Legends,2005-01-01,Criterion Games,Racing
Harry Potter and the Goblet of Fire,2005-01-01,Magic Pockets,Adventure
Need for Speed: Underground Rivals,2005-01-01,EA Black Box,Racing
Need for Speed: Most Wanted: 5-1-0,2005-01-01,EA Canada / EA Black Box,Racing
Need for Speed: Most Wanted (Black Edition),2005-01-01,EA Canada / EA Black Box,Racing
Black & White 2,2005-01-01,Lionhead Studios,Action
Need for Speed: Most Wanted,2005-01-01,EA Canada / EA Black Box,Racing
The Lord of the Rings: Tactics,2005-01-01,Amaze Entertainment,RPG
NBA Street Showdown,2005-01-01,Team Fusion,Sports
MVP Baseball 2005,2005-01-01,EA Canada,Sports
Need for Speed: Underground 2,2005-01-01,EA Black Box,Racing
Battlefield 2: Special Forces,2005-01-01,Digital Illusions CE,Shooter
Command & Conquer: Generals – Zero Hour,2005-01-01,EA Los Angeles,Strategy
Rugby 2005,2005-01-01,EA Canada,Sports
SSX on Tour,2005-01-01,EA Canada,Action
Battlefield 2,2005-01-01,Digital Illusions CE,Shooter
SSX on Tour,2005-01-01,EA Montreal,Action
SSX: Out of Bounds,2005-01-01,Exient Entertainment,Action
GoldenEye: Rogue Agent,2005-01-01,EA Tiburon / n-Space,Action
NBA Live 06,2005-01-01,EA Canada,Sports
NASCAR 06: Total Team Control,2005-01-01,EA Tiburon,Racing
Tiger Woods PGA Tour 2005,2005-01-01,EA Canada,Sports
TimeSplitters: Future Perfect,2005-01-01,Free Radical Design,Action
Tiger Woods PGA Tour 06,2005-01-01,Team Fusion,Sports
Tiger Woods PGA Tour 06,2005-01-01,Headgate Studios,Sports
Command & Conquer: Generals,2005-01-01,EA Pacific,Strategy
SimMania 3,2005-01-01,Electronic Arts,Simulator
Batman Begins,2005-01-01,Vicarious Visions,Action
Batman Begins,2005-01-01,Eurocom,Action
Cricket 2005,2005-01-01,HB Studios,Sports
Battlefield 2: Modern Combat,2005-01-01,Digital Illusions CE,Shooter
Madden NFL 06,2005-01-01,Exient Entertainment,Sports
Madden NFL 06,2005-01-01,EA Tiburon,Sports
UEFA Champions League 2004–2005,2005-01-01,EA Canada,Sports
FIFA 06,2005-01-01,EA Canada,Sports
FIFA 06,2005-01-01,Exient Entertainment,Sports
FIFA 06: Road to FIFA World Cup,2005-01-01,EA Canada,Sports
NBA Street V3,2005-01-01,EA Canada,Sports
Madden NFL 06,2005-01-01,Budcat Creations,Sports
Tiger Woods PGA Tour 06,2005-01-01,EA Redwood Shores,Sports
NCAA Football 06,2005-01-01,EA Tiburon,Sports
NASCAR SimRacing,2005-01-01,EA Tiburon,Racing
The Sims Expansion Collection: Volume Two,2005-01-01,Maxis,Simulator
NFL Street 2 Unleashed,2005-01-01,EA Tiburon,Sports
FIFA Manager 06,2005-01-01,EA Canada,Sports
FIFA Football 2005,2005-01-01,EA Canada,Sports
The Sims 2: Holiday Edition,2005-01-01,Maxis Redwood Shores,Simulator
The Sims 2: University,2005-01-01,Maxis Redwood Shores,Simulator
007: From Russia with Love,2005-01-01,EA Redwood Shores,Racing
Marvel Nemesis: Rise of the Imperfects,2005-01-01,EA Canada,Action
Medal of Honor: European Assault,2005-01-01,EA Los Angeles,Shooter
FIFA Street,2005-01-01,EA Canada,Sports
The Sims 2: Nightlife,2005-01-01,Maxis Redwood Shores,Simulator
The Sims Expansion Collection: Volume One,2005-01-01,Maxis,Simulator
Marvel Nemesis: Rise of the Imperfects,2005-01-01,Nihilistic Software,Action
The Sims 2,2005-01-01,Maxis Redwood Shores,Simulator
The Sims Expansion Collection: Volume Three,2005-01-01,Maxis,Simulator
The Sims 2,2005-01-01,Amaze Entertainment,Simulator
NHL 06,2005-01-01,EA Tiburon,Sports
The Sims 2: Pets,2006-01-01,Full Fat,Simulator
Tiger Woods PGA Tour 07,2006-01-01,Team Fusion,Sports
FIFA Street 2,2006-01-01,EA Canada,Sports
The Sims 2: Pets,2006-01-01,Maxis Redwood Shores,Simulator
We Love Katamari[l],2006-01-01,Namco,Action
2006 FIFA World Cup,2006-01-01,EA Canada,Sports
Madden NFL 07,2006-01-01,HB Studios,Sports
Arena Football,2006-01-01,Electronic Arts,Sports
PGA Tour Golf Team Challenge,2006-01-01,Global VR / Electronic Arts,Sports
FIFA Online 2,2006-01-01,EA Singapore / Neowiz Games,Sports
Burnout Revenge,2006-01-01,Criterion Games,Racing
NFL Street 3,2006-01-01,EA Tiburon,Sports
Superman Returns: Fortress of Solitude,2006-01-01,Santa Cruz Games / EA Tiburon,RPG
EA Replay,2006-01-01,EA Canada,Action
Command & Conquer: The First Decade,2006-01-01,EA Los Angeles / Barking Lizards Technologies / Base Camp Films / Gametap Entertainment / Westwood Studios,Strategy
Fight Night Round 3,2006-01-01,EA Chicago,Fighting
NHL 07,2006-01-01,EA Canada,Sports
Need for Speed Collector's Series,2006-01-01,Electronic Arts,Racing
FIFA Street 2,2006-01-01,Exient Entertainment,Sports
Battlefield 2: Modern Combat,2006-01-01,Digital Illusions CE,Shooter
FIFA 07,2006-01-01,EA Canada,Sports
The Sims 2: Pets,2006-01-01,Artificial Mind & Movement,Simulator
Madden NFL 07,2006-01-01,Exient Entertainment,Sports
The Sims 2: Pets,2006-01-01,EA Redwood Shores,Simulator
FIFA 07,2006-01-01,Exient Entertainment,Sports
2006 FIFA World Cup,2006-01-01,Exient Entertainment,Sports
Cricket 07,2006-01-01,HB Studios,Sports
Superman Returns,2006-01-01,EA Tiburon,RPG
SiN Episodes,2006-01-01,Ritual Entertainment,Action
007: From Russia with Love,2006-01-01,Rebellion Developments,Racing
NHL 07,2006-01-01,EA Montreal,Sports
Madden NFL 07,2006-01-01,EA Tiburon / EA Canada,Sports
Tiger Woods PGA Tour 07,2006-01-01,EA Redwood Shores,Sports
MVP 06: NCAA Baseball,2006-01-01,EA Canada,Sports
NASCAR 07,2006-01-01,EA Tiburon,Racing
The Sims 2: Open for Business,2006-01-01,Maxis Redwood Shores,Simulator
The Lord of the Rings: The Battle for Middle-earth II,2006-01-01,EA Los Angeles,RPG
The Godfather: The Game,2006-01-01,Page 44 Studios,Action
The Godfather: The Game,2006-01-01,Headgate Studios,Action
The Lord of the Rings: The Battle for Middle-earth II: The Rise of the Witch-king,2006-01-01,EA Los Angeles / BreakAway Games,RPG
The Godfather: The Game,2006-01-01,EA Redwood Shores,Action
NBA Live 07,2006-01-01,EA Canada,Sports
Rugby 06,2006-01-01,EA Canada / HB Studios,Sports
Black & White 2: Battle of the Gods,2006-01-01,Lionhead Studios,Action
Need for Speed: Carbon,2006-01-01,Rovio Mobile,Racing
NASCAR 07,2006-01-01,Exient Entertainment,Racing
Need for Speed: Carbon,2006-01-01,EA Black Box,Racing
NCAA Football 07,2006-01-01,EA Tiburon,Sports
NFL Head Coach,2006-01-01,EA Tiburon,Sports
Me & My Katamari[n],2006-01-01,Namco,Action
Black,2006-01-01,Criterion Games,Action
Need for Speed: Carbon,2006-01-01,EA Canada,Racing
Need for Speed Carbon: Own the City,2006-01-01,EA Canada,Racing
Battlefield 2142,2006-01-01,EA DICE,Shooter
Def Jam Fight for NY: The Takeover,2006-01-01,AKI Corporation / EA Canada,Fighting
Medal of Honor: Heroes,2006-01-01,Team Fusion,Shooter
Tiger Woods PGA Tour 07,2006-01-01,Headgate Studios,Sports
2006 FIFA World Cup,2006-01-01,[446],Sports
Namco Museum 50th Anniversary[m],2006-01-01,Digital Eclipse,Action
Tiger Woods PGA Tour 07,2006-01-01,Hypnos Entertainment,Sports
FIFA Manager 07,2006-01-01,Bright Future,Sports
NHL 08,2007-01-01,EA Canada,Sports
EA Sports NASCAR Racing,2007-01-01,EA Tiburon,Racing
Rail Simulator,2007-01-01,Kuju Entertainment,Simulator
NHL 08,2007-01-01,HB Studios,Sports
Madden NFL 08,2007-01-01,Exient Entertainment,Sports
NBA Live 08,2007-01-01,EA Canada,Sports
Madden NFL 08,2007-01-01,EA Tiburon,Sports
Skate or Die!,2007-01-01,Electronic Arts,Action
Battlefield 2142: Northern Strike,2007-01-01,EA DICE,Shooter
The Sims 2: Castaway,2007-01-01,Full Fat,Simulator
Skate,2007-01-01,EA Black Box,Action
NASCAR 08,2007-01-01,EA Tiburon,Racing
EA Sports GameShow,2007-01-01,EA Tiburon,Action
MySims,2007-01-01,EA Redwood Shores,Simulator
Crysis,2007-01-01,Crytek,Shooter
The Sims 2: Bon Voyage,2007-01-01,Maxis Redwood Shores,Simulator
NBA Live 08,2007-01-01,HB Studios,Sports
Tiger Woods PGA Tour 07,2007-01-01,EA Redwood Shores,Sports
SimCity Societies,2007-01-01,Tilted Mill Entertainment,Simulator
Def Jam: Icon,2007-01-01,EA Chicago,Action
MySims,2007-01-01,TOSE,Simulator
Pogo Island,2007-01-01,Pogo.com / Electronic Arts,Action
The Sims 2: Castaway,2007-01-01,EA Redwood Shores,Simulator
Tiger Woods PGA Tour 08,2007-01-01,EA Salt Lake,Sports
NCAA Football 08,2007-01-01,EA Tiburon,Sports
UEFA Champions League 2006–2007,2007-01-01,EA Canada,Sports
FIFA Manager 08,2007-01-01,Bright Future,Sports
Boulder Dash: Rocks!,2007-01-01,10tacle Mobile GMBH,Action
Boom Boom Rocket,2007-01-01,Bizarre Creations,Action
Rugby 08,2007-01-01,HB Studios,Sports
Boogie,2007-01-01,EA Montreal,Action
The Sims Pet Stories,2007-01-01,Maxis Redwood Shores,Simulator
Need for Speed: ProStreet,2007-01-01,EA Black Box,Racing
MVP 07: NCAA Baseball,2007-01-01,EA Canada,Sports
The Sims 2: Seasons,2007-01-01,Maxis Redwood Shores,Simulator
The Godfather: The Game,2007-01-01,EA Redwood Shores,Action
Medal of Honor: Vanguard,2007-01-01,Budcat Creations,Shooter
SSX Blur,2007-01-01,EA Montreal,Action
Medal of Honor: Airborne,2007-01-01,EA Los Angeles,Shooter
NBA Street Homecourt,2007-01-01,EA Black Box,Sports
Harry Potter and the Order of the Phoenix,2007-01-01,EA UK,Adventure
Need for Speed: Carbon,2007-01-01,EA Black Box,Racing
Medal of Honor: Heroes 2,2007-01-01,EA Los Angeles,Shooter
Medal of Honor: Heroes 2,2007-01-01,EA Canada,Shooter
Medal of Honor: Vanguard,2007-01-01,EA Los Angeles,Shooter
Command & Conquer: Saga,2007-01-01,EA Los Angeles,Strategy
Battlefield 2142,2007-01-01,EA DICE,Shooter
The Sims Life Stories,2007-01-01,Maxis Redwood Shores,Simulator
EA Playground,2007-01-01,EA Canada,Action
Theme Park,2007-01-01,EA Japan,Simulator
The Simpsons Game,2007-01-01,Rebellion Developments,RPG
The Simpsons Game,2007-01-01,Griptonite Games,RPG
FIFA 08,2007-01-01,EA Canada,Sports
The Simpsons Game,2007-01-01,EA Redwood Shores,RPG
Command & Conquer 3: Tiberium Wars,2007-01-01,EA Los Angeles,Strategy
Rock Band,2007-01-01,Harmonix / MTV Games,Music
Wing Commander Arena,2007-01-01,Gaia Industries,Strategy
Tiger Woods PGA Tour 08,2007-01-01,EA Tiburon,Sports
Arena Football: Road to Glory,2007-01-01,EA Tiburon / Budcat Creations,Sports
Hellgate: London,2007-01-01,Flagship Studios,Action
Ultima Online: Kingdom Reborn,2007-01-01,Electronic Arts,RPG
The Orange Box,2007-01-01,Valve,Action
The Orange Box,2007-01-01,EA UK,Action
Burnout Dominator,2007-01-01,EA UK,Racing
The Sims 2: Pets,2007-01-01,EA Redwood Shores,Simulator
Tiger Woods PGA Tour 08,2007-01-01,Exient Entertainment,Sports
Rock Band,2007-01-01,Pi Studios / MTV Games,Music
NASCAR 09,2008-01-01,EA Tiburon,Racing
Scrabble,2008-01-01,EA Mobile,Action
Tiger Woods PGA Tour 09,2008-01-01,Exient Entertainment,Sports
Spore Origins,2008-01-01,Babaroga / Tricky Software,Simulator
SimCity,2008-01-01,Maxis,Simulator
Celebrity Sports Showdown,2008-01-01,EA Canada,Sports
Hasbro Family Game Night,2008-01-01,Virtuos,Action
Hasbro Family Game Night,2008-01-01,EA Bright Light,Action
Tetris,2008-01-01,EA Mobile / Electronic Arts,Action
Burnout Paradise,2008-01-01,Criterion Games,Racing
Burnout 3: Takedown,2008-01-01,Criterion Games,Racing
Mercenaries 2: World in Flames,2008-01-01,Pandemic Studios,Action
Mercenaries 2: World in Flames,2008-01-01,LTI Gray Matter,Action
Brain Training for Dummies,2008-01-01,EA Casual,Action
Boulder Dash: Rocks!,2008-01-01,10tacle Mobile GMBH,Action
Mercenaries 2: World in Flames,2008-01-01,Artificial Mind and Movement,Action
Boom Blox,2008-01-01,EA Los Angeles / DreamWorks Interactive,Action
Boogie Superstar,2008-01-01,EA Montreal,Action
Harry Potter and the Order of the Phoenix,2008-01-01,EA UK,Adventure
Medal of Honor: 10th Anniversary Bundle,2008-01-01,Electronic Arts,Shooter
Mirror's Edge,2008-01-01,EA DICE,Action
Command & Conquer 3: Deluxe Edition,2008-01-01,EA Los Angeles,Strategy
The Sims Castaway Stories,2008-01-01,Maxis Redwood Shores,Simulator
Sudoku,2008-01-01,Electronic Arts,Action
SimCity Societies: Destinations,2008-01-01,Tilted Mill Entertainment,Simulator
The Sims 2: FreeTime,2008-01-01,Maxis Redwood Shores,Simulator
MySims Kingdom,2008-01-01,TOSE,Simulator
MySims Kingdom,2008-01-01,EA Redwood Shores,Simulator
Skate It,2008-01-01,EA Montreal,Action
Skate It,2008-01-01,Exient Entertainment,Action
Crysis Warhead,2008-01-01,Crytek Budapest,Shooter
Dead Space,2008-01-01,EA Redwood Shores,Shooter
The Sims 2: Apartment Life,2008-01-01,Maxis Redwood Shores,Simulator
MySims,2008-01-01,EA Redwood Shores,Simulator
Spore,2008-01-01,Maxis,Simulator
Spore Creature Creator,2008-01-01,Maxis,Simulator
Spore Creatures,2008-01-01,Griptonite Games,Simulator
Battlefield: Bad Company,2008-01-01,EA DICE,Shooter
Command & Conquer: Red Alert 3,2008-01-01,EA Los Angeles,Strategy
Monopoly,2008-01-01,Electronic Arts / Hasbro,Board
The Sims 2 Stuff packs,2008-01-01,Maxis Redwood Shores,Simulator
Command & Conquer 3: Kane's Wrath,2008-01-01,EA Los Angeles / BreakAway Games,Strategy
Tiger Woods PGA Tour 09,2008-01-01,EA Tiburon,Sports
FIFA 09,2008-01-01,Sumo Digital,Sports
NFL Head Coach 09,2008-01-01,EA Tiburon,Sports
FaceBreaker,2008-01-01,EA Canada,Action
NFL Tour,2008-01-01,EA Tiburon,Sports
NHL 09,2008-01-01,EA Canada,Sports
NHL 09,2008-01-01,HB Studios,Sports
NBA Live 09,2008-01-01,EA Canada,Sports
NBA Live 09,2008-01-01,HB Studios,Sports
Madden NFL 09,2008-01-01,EA Tiburon,Sports
Yahtzee Adventures,2008-01-01,EA Mobile,Action
Trivial Pursuit Daily 20,2008-01-01,Electronic Arts,Action
Yahtzee,2008-01-01,Electronic Arts,Action
Left 4 Dead[o],2008-01-01,Valve South,Action
Pet Society,2008-01-01,Playfish / Electronic Arts,Action
UEFA Euro 2008,2008-01-01,EA Canada,Sports
FIFA 09,2008-01-01,EA Canada,Sports
FIFA 09,2008-01-01,Exient Entertainment,Sports
FIFA 09,2008-01-01,Gamelion Inc.,Sports
FIFA 09,2008-01-01,HB Studios,Sports
Army of Two,2008-01-01,EA Montreal,Shooter
Operation Mania,2008-01-01,Electronic Arts / Hasbro,Action
Ninja Reflex,2008-01-01,Sanzaru Games,Action
Nerf N-Strike,2008-01-01,EA Salt Lake,Action
Warhammer Online: Age of Reckoning,2008-01-01,Mythic Entertainment,Strategy
Need for Speed: Undercover,2008-01-01,Firebrand Games,Racing
Need for Speed: Undercover,2008-01-01,Exient Entertainment,Racing
Need for Speed: Undercover,2008-01-01,EA Black Box,Racing
Need for Speed: ProStreet,2008-01-01,EA Black Box,Racing
NBA Street Online,2008-01-01,Electronic Arts / Neowiz / GigaMedia Limited,Sports
NCAA Football 09,2008-01-01,EA Tiburon / EA Canada,Sports
Zubo,2008-01-01,EA Bright Light,Sports
FIFA Street 3,2008-01-01,Exient Entertainment,Sports
FIFA Street 3,2008-01-01,EA Canada,Sports
FIFA Manager 09,2008-01-01,Bright Future,Sports
Rock Band 2,2008-01-01,Harmonix,Music
Battlefield 2142 Deluxe Edition,2008-01-01,EA DICE,Shooter
Rock Band 2,2008-01-01,Pi Studios,Music
Rock Band,2008-01-01,Pi Studios / MTV Games,Music
Left 4 Dead 2[p],2009-01-01,Valve,Action
Lemonade Tycoon,2009-01-01,Hexacto / JAMDAT,Action
NCAA Football 10,2009-01-01,EA Tiburon,Sports
Spore Creatures,2009-01-01,Electronic Arts Nederland BV,Simulator
FIFA 10,2009-01-01,Exient Entertainment,Sports
Surviving High School,2009-01-01,Centerscore / EA Mobile,Action
FIFA 10,2009-01-01,EA Canada,Sports
Dragon Age: Origins,2009-01-01,BioWare,RPG
Spore Galactic Adventures,2009-01-01,Maxis Emeryville,Simulator
Pandemonium!,2009-01-01,Toys for Bob,Action
Spore Hero,2009-01-01,EA Montreal,Simulator
Madden NFL Arcade,2009-01-01,EA Tiburon,Sports
Hasbro Family Game Night,2009-01-01,EA Bright Light,Action
Battlefield Heroes,2009-01-01,EA DICE / Easy Studios,Shooter
Rock Band Unplugged,2009-01-01,Harmonix / Backbone Entertainment,Music
Command & Conquer: Red Alert,2009-01-01,Electronic Arts,Strategy
Mirror's Edge,2009-01-01,EA DICE,Action
Command & Conquer: Red Alert 3,2009-01-01,EA Los Angeles,Strategy
Command & Conquer: Red Alert 3 – Uprising,2009-01-01,EA Los Angeles,Strategy
Command & Conquer: Red Alert 3: Commander's Challenge,2009-01-01,EA Los Angeles,Strategy
Monopoly Here & Now: The World Edition,2009-01-01,Electronic Arts / Hasbro,Board
Scrabble,2009-01-01,Electronic Arts,Action
Hasbro Family Game Night 2,2009-01-01,EA Bright Light,Action
Hasbro Family Game Night 2,2009-01-01,Virtuos,Action
The Sims 3: World Adventures,2009-01-01,Maxis Redwood Shores,Simulator
Wolfenstein RPG,2009-01-01,id Software / Fountainhead Entertainment,RPG
Star Trek,2009-01-01,EA Mobile,Action
NCAA Football 10,2009-01-01,EA Canada,Sports
Spore Hero Arena,2009-01-01,Full Fat,Simulator
Monopoly,2009-01-01,EA Mobile / Hasbro,Board
FIFA 10,2009-01-01,HB Studios,Sports
FIFA 10,2009-01-01,Sumo Digital,Sports
Boggle,2009-01-01,Electronic Arts,Action
The Game of Life,2009-01-01,Electronic Arts,Action
The Godfather II,2009-01-01,EA Redwood Shores,Action
Need for Speed: Shift,2009-01-01,Slightly Mad Studios,Racing
Need for Speed: Shift,2009-01-01,EA Bright Light,Racing
SNOOD,2009-01-01,Iron Galaxy,Action
Tiger Woods PGA Tour 10,2009-01-01,HB Studios,Sports
American Idol,2009-01-01,Electronic Arts,Action
Need for Speed: Nitro,2009-01-01,EA Montreal,Racing
Medal of Honor: Underground,2009-01-01,DreamWorks Interactive,Shooter
The Lord of the Rings: Conquest,2009-01-01,Pandemic Studios,RPG
Hi-Octane,2009-01-01,Bullfrog Productions,Action
3 on 3 NHL Arcade,2009-01-01,EA Canada,Sports
FIFA Manager 10,2009-01-01,Bright Future,Sports
Need for Speed: Nitro,2009-01-01,Firebrand Games,Racing
Boom Blox Bash Party,2009-01-01,EA Los Angeles / DreamWorks Interactive,Action
Brütal Legend,2009-01-01,Double Fine Productions,Action
Warhammer Online: Age of Reckoning,2009-01-01,Mythic Entertainment,Strategy
The Simpsons Arcade,2009-01-01,Konami,Arcade
Mass Effect Galaxy,2009-01-01,BioWare,Action
G.I. Joe: The Rise of Cobra,2009-01-01,Double Helix Games,Action
Tetris,2009-01-01,EA Mobile / Electronic Arts,Action
Battleship,2009-01-01,Electronic Arts,Action
CLUE: Unravel the Clues and Crack the Case,2009-01-01,EA Montreal,Action
Henry Hatsworth in the Puzzling Adventure,2009-01-01,EA Tiburon,Action
Burnout Paradise: The Ultimate Box,2009-01-01,Criterion Games,Racing
Nuclear Strike,2009-01-01,Electronic Arts,Action
Tiger Woods PGA Tour 10,2009-01-01,EA Tiburon,Sports
The Saboteur,2009-01-01,Pandemic Studios,Action
Nerf N-Strike Elite,2009-01-01,EA Salt Lake,Action
The Beatles: Rock Band,2009-01-01,Harmonix,Music
The Beatles: Rock Band,2009-01-01,Pi Studios,Music
Harry Potter and the Half-Blood Prince,2009-01-01,EA Bright Light,Adventure
Spore Creatures,2009-01-01,EA Mobile,Simulator
Jewel Quest Mysteries,2009-01-01,iWin.com,Action
Grand Slam Tennis,2009-01-01,EA Canada,Action
Scrabble,2009-01-01,EA Mobile,Action
NBA Live 10,2009-01-01,HB Studios,Sports
The Sims 3: World Adventures,2009-01-01,EA Mobile,Simulator
BattleForge,2009-01-01,EA Phenomic,Action
MySims Party,2009-01-01,EA Redwood Shores,Simulator
The Sims 3,2009-01-01,Maxis Redwood Shores,Simulator
G.I. Joe: The Rise of Cobra,2009-01-01,Backbone Entertainment,Action
Foto Face: The Face Stealer Strikes,2009-01-01,Electronic Arts,Action
Rock Band,2009-01-01,EA Montreal / Harmonix,Music
NHL 10,2009-01-01,EA Canada,Sports
MySims Agents,2009-01-01,Visceral Games,Simulator
Madden NFL 10,2009-01-01,EA Tiburon,Sports
The Sims 3,2009-01-01,EA Mobile,Simulator
EA Sports Active More Workouts,2009-01-01,EA Canada,Sports
Skate 2,2009-01-01,EA Black Box,Action
Dead Space: Extraction,2009-01-01,Visceral Games / Eurocom,Shooter
Flips,2009-01-01,Electronic Arts,Action
MySims Agents,2009-01-01,TOSE,Simulator
EA Sports Active,2009-01-01,EA Canada,Sports
MySims Racing,2009-01-01,Artificial Mind & Movement,Simulator
Trivial Pursuit,2009-01-01,Electronic Arts,Action
Fight Night Round 4,2009-01-01,EA Canada,Fighting
Soviet Strike,2009-01-01,Electronic Arts,Action
Mystery Mania,2009-01-01,EA Mobile,Action
Connect 4,2009-01-01,Electronic Arts,Action
MySims Party,2009-01-01,Hudson Soft,Simulator
NBA Live 10,2009-01-01,EA Canada,Sports
SimAnimals Africa,2009-01-01,Electronic Arts,Simulator
The Sims 3 Collector's Edition,2009-01-01,Maxis,Simulator
SimAnimals,2009-01-01,Electronic Arts,Simulator
Auditorium,2009-01-01,Cipher Prime,Action
Hasbro Family Game Night 3,2010-01-01,Virtuos,Action
Tiger Woods PGA Tour Online,2010-01-01,EA Sports,Sports
FIFA Online,2010-01-01,BGEntertainment,Sports
Dragon Age: Origins – Awakening,2010-01-01,BioWare Edmonton,RPG
Lord of Ultima,2010-01-01,EA Phenomic,Action
Real Racing 2,2010-01-01,Firemint,Racing
Shank,2010-01-01,Klei Entertainment,Action
Need for Speed: Undercover,2010-01-01,EA Black Box,Racing
EA Sports Active 2,2010-01-01,EA Canada,Sports
Ultimate Mortal Kombat 3,2010-01-01,Electronic Arts,Fighting
NBA Jam,2010-01-01,EA Canada,Sports
NBA Elite 11,2010-01-01,EA Canada,Sports
Need for Speed: World,2010-01-01,Quicklime Games / EA Singapore,Racing
Reckless Racing,2010-01-01,EA Mobile,Racing
Dead Space Ignition,2010-01-01,Visceral Games / Sumo Digital,Shooter
Medal of Honor,2010-01-01,Danger Close Games,Shooter
NHL Slapshot,2010-01-01,EA Canada,Sports
2010 FIFA World Cup South Africa,2010-01-01,EA Canada,Sports
NCAA Football,2010-01-01,EA Tiburon / EA Canada,Sports
2010 FIFA World Cup South Africa,2010-01-01,HB Studios,Sports
The Sims 3,2010-01-01,Edge of Reality,Simulator
High Caliber Hunting,2010-01-01,Electronic Arts,Action
NBA Street Online 2,2010-01-01,Electronic Arts / Neowiz,Sports
Need for Speed: Hot Pursuit,2010-01-01,Criterion Games,Racing
Tiger Woods PGA Tour 11,2010-01-01,EA Tiburon,Sports
APB: All Points Bulletin,2010-01-01,Realtime Worlds,Action
The Sims 3,2010-01-01,EA Mobile,Simulator
Risk: Factions,2010-01-01,"Stainless Games / Powerhouse Animation Studios, Inc.",Action
DeathSpank: Thongs of Virtue,2010-01-01,Hothead Games,Action
FIFA Manager 11,2010-01-01,Bright Future,Sports
DeathSpank,2010-01-01,Hothead Games,Action
Need for Speed: Nitro-X,2010-01-01,Firebrand Games,Racing
EA Sports FIFA Superstars,2010-01-01,Playfish / Electronic Arts,Sports
EA Sports MMA,2010-01-01,EA Tiburon,Sports
Lite-Brite,2010-01-01,Hasbro / Electronic Arts,Action
Hasbro Family Game Night 3,2010-01-01,EA Bright Light,Action
The Sims 3: Late Night,2010-01-01,Maxis Redwood Shores,Simulator
Heroes Lore III,2010-01-01,Electronic Arts,Action
Army of Two: The 40th Day,2010-01-01,Buzz Monkey,Shooter
MySims SkyHeroes,2010-01-01,Behaviour Interactive,Simulator
Extreme Pinball,2010-01-01,Epic MegaGames / Digital Extremes / High Score Entertainment,Action
Harry Potter and the Deathly Hallows – Part 1,2010-01-01,EA Bright Light,Adventure
Rock Band Reloaded,2010-01-01,Harmonix,Music
Rock Band 3,2010-01-01,Harmonix,Music
NHL 11,2010-01-01,EA Canada,Sports
EA Sports Active NFL Training Camp,2010-01-01,EA Canada,Sports
Monopoly,2010-01-01,EA Mobile / Hasbro,Board
Auditorium,2010-01-01,Cipher Prime,Action
Pogo Games,2010-01-01,Electronic Arts,Action
Battlefield Bad Company 2,2010-01-01,EA DICE,Shooter
Battlefield Bad Company 2,2010-01-01,Coldwood Interactive,Shooter
Create,2010-01-01,EA Bright Light,Action
Pictureka!,2010-01-01,Electronic Arts,Action
Mass Effect 2,2010-01-01,BioWare,Action
Green Day: Rock Band,2010-01-01,Harmonix / Demiurge Studios,Music
Monopoly Streets,2010-01-01,EA Salt Lake,Board
Spore Creatures,2010-01-01,Griptonite Games,Simulator
The Sims 3: Ambitions,2010-01-01,EA Mobile,Simulator
The Sims 3: Ambitions,2010-01-01,Maxis Redwood Shores,Simulator
Command & Conquer 4: Tiberian Twilight,2010-01-01,EA Los Angeles,Strategy
Dragon's Lair[a],2010-01-01,Digital Leisure,RPG
Skate It,2010-01-01,EA Black Box,Action
RISK,2010-01-01,Electronic Arts,Action
Dante's Inferno,2010-01-01,Visceral Games,Action
Texas Hold'em,2010-01-01,TikGames,Action
SimCity 4 Deluxe Edition,2010-01-01,Maxis,Simulator
Army of Two: The 40th Day,2010-01-01,EA Montreal,Shooter
SimCity Deluxe,2010-01-01,Maxis,Simulator
FIFA 11,2010-01-01,HB Studios,Sports
FIFA 11,2010-01-01,Exient Entertainment,Sports
FIFA 11,2010-01-01,EA Canada,Sports
Madden NFL Superstars,2010-01-01,Playfish,Sports
R-Type,2010-01-01,Irem,Action
Tetris,2010-01-01,EA Mobile / Electronic Arts,Action
Surviving High School,2010-01-01,Centerscore / EA Mobile,Action
Mirror's Edge,2010-01-01,EA DICE,Action
Clue: Secrets & Spies,2010-01-01,Electronic Arts,Action
Dante's Inferno,2010-01-01,Artificial Mind and Movement,Action
Madden NFL 11,2010-01-01,EA Tiburon / EA Canada,Sports
NCAA Football 11,2010-01-01,EA Tiburon / EA Canada,Sports
The Sims 3 Collector's Edition,2010-01-01,Maxis Redwood Shores,Simulator
Skate 3,2010-01-01,EA Black Box,Action
Fantasy Safari,2011-01-01,Electronic Arts,Action
The Sims FreePlay,2011-01-01,EA Mobile / Firemonkeys Studios / Blue Tongue Entertainment,Simulator
The Sims 3,2011-01-01,Edge of Reality,Simulator
The Sims Medieval,2011-01-01,Maxis Redwood Shores,Simulator
The Sims 3: Pets,2011-01-01,EA Salt Lake,Simulator
NHL 12,2011-01-01,EA Canada,Sports
Bejeweled 2,2011-01-01,PopCap Games,Action
The Sims 3: Generations,2011-01-01,Maxis Redwood Shores,Simulator
Mass Effect 2,2011-01-01,BioWare,Action
Bejeweled Blitz,2011-01-01,PopCap Games,Action
NCAA Football 12,2011-01-01,EA Tiburon,Sports
The Sims Medieval,2011-01-01,Magic Pockets,Simulator
FIFA Manager 12,2011-01-01,Bright Future,Sports
The Sims 3: Pets,2011-01-01,Maxis Redwood Shores,Simulator
NHL Superstars,2011-01-01,Electronic Arts,Sports
Spare Parts,2011-01-01,EA Bright Light,Action
Crysis,2011-01-01,Crytek,Shooter
Crysis 2,2011-01-01,Crytek,Shooter
Trenches 2,2011-01-01,Thunder Game Works,Action
Madden NFL 12,2011-01-01,EA Tiburon,Sports
SimCity Deluxe,2011-01-01,Maxis,Simulator
Darkspore,2011-01-01,Maxis Emeryville,Action
Hasbro Family Game Night 4: The Game Show,2011-01-01,EA Bright Light,Action
Rango,2011-01-01,Behaviour Interactive,Action
Dead Space,2011-01-01,IronMonkey Studios,Shooter
Dead Space 2,2011-01-01,Visceral Games,Shooter
The Sims Medieval: Pirates and Nobles,2011-01-01,Maxis Redwood Shores,Simulator
Real Racing 2,2011-01-01,Firemint,Racing
Risk: Factions,2011-01-01,"Stainless Games / Powerhouse Animation Studios, Inc.",Action
Shift 2: Unleashed,2011-01-01,Straight Right,Action
Shift 2: Unleashed,2011-01-01,Slightly Mad Studios,Action
Shadows of the Damned,2011-01-01,Grasshopper Manufacture,Action
NBA Jam: On Fire Edition,2011-01-01,EA Canada,Sports
Dragon Age II,2011-01-01,BioWare,RPG
The Sims 3: Pets,2011-01-01,Edge of Reality,Simulator
Scrabble,2011-01-01,EA Mobile,Action
NBA Jam,2011-01-01,EA Canada,Sports
Dragon Age Legends,2011-01-01,Electronic Arts / Pixelante,RPG
Tiger Woods PGA Tour 12,2011-01-01,EA Tiburon,Sports
Dead Space: Extraction,2011-01-01,Visceral Games / Eurocom,Shooter
Zuma's Revenge!,2011-01-01,PopCap Games,Action
Plants vs. Zombies,2011-01-01,PopCap Games,Tower Defence
Spy Mouse,2011-01-01,Firemint,Action
Medal of Honor: Frontline,2011-01-01,EA Los Angeles,Shooter
Alice: Madness Returns,2011-01-01,Spicy Horse,Action
American McGee's Alice,2011-01-01,Rogue Entertainment,Action
Need for Speed: The Run,2011-01-01,EA Black Box,Racing
Need for Speed: The Run,2011-01-01,Firebrand Games,Racing
Fight Night Champion,2011-01-01,EA Canada,Fighting
Fight Night Champion,2011-01-01,HB Studios,Fighting
Bulletstorm,2011-01-01,People Can Fly / Epic Games,Action
Burnout Crash!,2011-01-01,Criterion Games,Racing
The Sims Social,2011-01-01,Playfish,Simulator
Ultima Underworld: The Stygian Abyss and Labyrinth of Worlds,2011-01-01,Blue Sky Productions / LookingGlass Technologies / Origin Systems,RPG
Theme Park,2011-01-01,Bullfrog Productions,Simulator
Tetris,2011-01-01,EA Mobile / Electronic Arts,Action
FIFA 12,2011-01-01,EA Canada,Sports
Hasbro Family Game Night 4: The Game Show,2011-01-01,Virtuos,Action
Madden NFL Football,2011-01-01,EA Sports,Sports
Surviving High School,2011-01-01,Centerscore / EA Mobile,Action
Star Wars: The Old Republic,2011-01-01,BioWare Austin,RPG
Harry Potter and the Deathly Hallows – Part 2,2011-01-01,EA Bright Light,Adventure
Battlefield 3,2011-01-01,EA DICE,Shooter
Pet Society Vacation,2011-01-01,Playfish,Action
Madden NFL Social,2012-01-01,Electronic Arts,Sports
World Series of Poker,2012-01-01,Left Field Productions,Action
JetSet Secrets,2012-01-01,Electronic Arts,Action
The Sims 3: Showtime,2012-01-01,EA Salt Lake,Simulator
The Sims 3: Supernatural,2012-01-01,EA Salt Lake,Simulator
The Sims FreePlay,2012-01-01,EA Mobile / Firemonkeys Studios / Blue Tongue Entertainment,Simulator
Auditorium,2012-01-01,Cipher Prime,Action
UEFA Euro 2012,2012-01-01,EA Canada,Sports
Warp,2012-01-01,Trapdoor,Action
Madden NFL 13,2012-01-01,EA Tiburon,Sports
Kingdoms of Amalur: Reckoning,2012-01-01,38 Studios / Big Huge Games,Action
Battlefield Bad Company 2,2012-01-01,EA DICE,Shooter
Tiger Woods PGA Tour 13,2012-01-01,EA Tiburon,Sports
Zuma's Revenge!,2012-01-01,PopCap Games,Action
Pogo Games,2012-01-01,Electronic Arts,Action
Flight Control Rocket,2012-01-01,Firemint,Flight
Burnout Crash!,2012-01-01,Criterion Games,Racing
The Sims 3: Seasons,2012-01-01,Maxis Redwood Shores,Simulator
NBA Jam,2012-01-01,EA Canada,Sports
SSX,2012-01-01,EA Canada,Action
Shank,2012-01-01,Klei Entertainment,Action
Shank 2,2012-01-01,Klei Entertainment,Action
SimCity Social,2012-01-01,Playfish,Simulator
The Simpsons: Tapped Out,2012-01-01,EA Mobile,RPG
Mass Effect 3,2012-01-01,BioWare,Action
Grand Slam Tennis 2,2012-01-01,EA Canada,Action
The Secret World,2012-01-01,Funcom,Action
Command & Conquer: Tiberium Alliances,2012-01-01,EA Phenomic,Strategy
Mass Effect Infiltrator,2012-01-01,IronMonkey Studios,Action
Bejeweled Classic HD,2012-01-01,PopCap Games,Action
Mirror's Edge,2012-01-01,EA DICE,Action
Syndicate,2012-01-01,Starbreeze Studios,Action
Plants vs. Zombies,2012-01-01,PopCap Games,Tower Defence
FIFA 13,2012-01-01,EA Canada,Sports
Medal of Honor: Warfighter,2012-01-01,Danger Close Games,Fighting
NCAA Football 13,2012-01-01,EA Tiburon,Sports
Need for Speed: Most Wanted,2012-01-01,Criterion Games,Racing
FIFA Online 3,2012-01-01,Electronic Arts / EA Spearhead,Sports
FIFA Street,2012-01-01,EA Canada,Sports
Outernauts,2012-01-01,Insomniac Games,Sports
FIFA Manager 13,2012-01-01,Bright Future,Sports
NHL 13,2012-01-01,EA Canada,Sports
NFL Blitz,2012-01-01,EA Tiburon,Sports
NHL 14,2013-01-01,EA Canada,Sports
NCAA Football 14,2013-01-01,EA Tiburon,Sports
Dead Space 3,2013-01-01,Visceral Games,Shooter
Iron Force,2013-01-01,CoolFish Games,Shooter
Madden NFL 25,2013-01-01,EA Tiburon,Sports
Yogify,2013-01-01,Electronic Arts,Action
Crysis 3,2013-01-01,Crytek,Shooter
FIFA Manager 14,2013-01-01,Bright Future,Sports
SimCity,2013-01-01,Maxis Emeryville,Simulator
Battlefield 4,2013-01-01,EA DICE,Shooter
Peggle 2,2013-01-01,PopCap Games,Action
Shank,2013-01-01,Klei Entertainment,Action
Need for Speed Rivals,2013-01-01,Ghost Games,Racing
FIFA 13,2013-01-01,EA Canada,Sports
Plants vs. Zombies,2013-01-01,PopCap Games,Tower Defence
Plants vs. Zombies 2: It's About Time,2013-01-01,PopCap Games,Tower Defence
Army of Two: The Devil's Cartel,2013-01-01,Visceral Games / EA Montreal,Shooter
Fightback,2013-01-01,Ninja Theory,Fighting
FIFA 14,2013-01-01,EA Canada,Sports
Ultima Forever: Quest for the Avatar,2013-01-01,Mythic Entertainment / Escalation Studios,RPG
Fuse,2013-01-01,Insomniac Games,Action
Real Racing 2,2013-01-01,Firemint,Racing
Real Racing 3,2013-01-01,Firemonkeys Studios,Racing
Heroes of Dragon Age,2013-01-01,Electronic Arts,RPG
NBA Jam,2013-01-01,EA Canada,Sports
Need for Speed: Most Wanted,2013-01-01,Criterion Games,Racing
Tiger Woods PGA Tour 14,2013-01-01,EA Tiburon,Sports
NBA Live 14,2013-01-01,EA Tiburon,Sports
The Sims 3: Island Paradise,2013-01-01,Maxis Redwood Shores,Simulator
FIFA World,2013-01-01,EA Canada,Sports
Mass Effect Infiltrator,2013-01-01,IronMonkey Studios,Action
Bejeweled Blitz,2013-01-01,PopCap Games,Action
The Sims 3: Into the Future,2013-01-01,EA Salt Lake,Simulator
The Sims 3: University Life,2013-01-01,EA Salt Lake,Simulator
The Sims Medieval,2013-01-01,Maxis Redwood Shores,Simulator
The Simpsons: Tapped Out,2013-01-01,EA Mobile,RPG
The Sims FreePlay,2013-01-01,EA Mobile / Firemonkeys Studios / Blue Tongue Entertainment,Simulator
The Sims 3 Stuff packs,2013-01-01,Maxis Redwood Shores,Simulator
Bejeweled 3,2014-01-01,PopCap Games,Action
NHL 15,2014-01-01,EA Canada,Sports
SimCity: BuildIt,2014-01-01,TrackTwenty,Simulator
FIFA 15,2014-01-01,EA Canada,Sports
Madden NFL 15,2014-01-01,EA Tiburon,Sports
Peggle 2,2014-01-01,PopCap Games,Action
Peggle Blast,2014-01-01,PopCap Games,Action
Dungeon Keeper Mobile,2014-01-01,Mythic Entertainment,Action
Plants vs. Zombies: Garden Warfare,2014-01-01,PopCap Games,Shooter
EA Sports UFC,2014-01-01,EA Canada / SkyBox Labs,Sports
Titanfall,2014-01-01,Respawn Entertainment,Action
The Sims 4,2014-01-01,Maxis,Simulator
Dragon Age: Inquisition,2014-01-01,BioWare,RPG
FIFA 14,2014-01-01,EA Canada,Sports
NBA Live 15,2014-01-01,EA Tiburon,Sports
Madden NFL Mobile,2014-01-01,EA Tiburon,Sports
Cause of Death,2014-01-01,Centerscore / EA Mobile,Action
2014 FIFA World Cup Brazil,2014-01-01,EA Canada,Sports
The Sims 4: Outdoor Retreat,2015-01-01,Maxis Redwood Shores,Simulator
Need for Speed,2015-01-01,Ghost Games,Racing
NBA Live 16,2015-01-01,EA Tiburon,Sports
Need for Speed: No Limits,2015-01-01,Firemonkeys Studios,Racing
NHL 16,2015-01-01,EA Canada,Sports
Minions Paradise,2015-01-01,EA Salt Lake,Action
Star Wars: Galaxy of Heroes,2015-01-01,EA Capital Games / EA Mobile,RPG
Battle Copters,2015-01-01,EA Chillingo,Action
Rory McIlroy PGA Tour,2015-01-01,EA Tiburon,Sports
UFC Mobile,2015-01-01,EA Canada / SkyBox Labs,Fighting
Madden NFL 16,2015-01-01,EA Tiburon,Sports
Star Wars Battlefront,2015-01-01,EA DICE,RPG
The Sims 4: Get Together,2015-01-01,Maxis Redwood Shores,Simulator
The Sims 4: Get to Work,2015-01-01,Maxis Redwood Shores,Simulator
Battlefield Hardline,2015-01-01,Visceral Games,Shooter
The Sims 4,2015-01-01,Maxis,Simulator
FIFA 16,2015-01-01,EA Canada,Sports
Need for Speed,2016-01-01,Ghost Games,Racing
Bejeweled Stars,2016-01-01,PopCap Games,Action
NHL 17,2016-01-01,EA Canada,Sports
Micro Machines,2016-01-01,Codemasters,Action
Plants vs. Zombies: Garden Warfare 2,2016-01-01,PopCap Games,Shooter
FIFA Mobile,2016-01-01,EA Mobile / EA Canada,Sports
EA Sports UFC 2,2016-01-01,EA Canada,Fighting
The Sims 4: City Living,2016-01-01,Maxis Redwood Shores,Simulator
The Sims 4: Dine Out,2016-01-01,Maxis Redwood Shores,Simulator
The Secret Life of Pets Unleashed,2016-01-01,EA Mobile,Action
FIFA 17,2016-01-01,EA Vancouver / EA Bucharest,Sports
Unravel,2016-01-01,Coldwood Interactive,Action
Mirror's Edge Catalyst,2016-01-01,EA DICE,Action
Titanfall 2,2016-01-01,Respawn Entertainment,Action
NBA Live Mobile,2016-01-01,EA Tiburon,Sports
Plants vs. Zombies Heroes,2016-01-01,PopCap Games,Strategy
Madden NFL 17,2016-01-01,EA Tiburon,Sports
Battlefield 1,2016-01-01,EA DICE,Shooter
Mass Effect: Andromeda,2017-01-01,BioWare,Action
Madden NFL 18,2017-01-01,EA Tiburon,Sports
Need for Speed Payback,2017-01-01,Ghost Games,Racing
WarFriends,2017-01-01,About Fun,Action
NBA Live 18,2017-01-01,EA Tiburon,Sports
The Sims 4: Spa Day,2017-01-01,Maxis Redwood Shores,Simulator
Alice: Madness Returns,2017-01-01,Spicy Horse,Action
The Sims 4: Parenthood,2017-01-01,Maxis Redwood Shores,Simulator
NHL 18,2017-01-01,EA Canada,Sports
The Sims 4: City Living,2017-01-01,Maxis Redwood Shores,Simulator
FIFA 18,2017-01-01,EA Vancouver / EA Romania,Sports
The Sims 4: Cats & Dogs,2017-01-01,Maxis Redwood Shores,Simulator
The Sims 4,2017-01-01,Maxis,Simulator
Star Wars Battlefront II,2017-01-01,EA DICE,RPG
The Sims 4: Vampires,2017-01-01,Maxis Redwood Shores,Simulator
FIFA Online 4,2018-01-01,Electronic Arts / EA Spearhead,Sports
Unravel Two,2018-01-01,Coldwood Interactive,Action
The Sims 4: Get Together,2018-01-01,Maxis Redwood Shores,Simulator
The Sims 4: Get to Work,2018-01-01,Maxis Redwood Shores,Simulator
Fe,2018-01-01,Zoink,Action
FIFA 19,2018-01-01,EA Vancouver / EA Romania,Sports
NBA Live 19,2018-01-01,EA Tiburon,Sports
The Sims 4: Dine Out,2018-01-01,Maxis Redwood Shores,Simulator
A Way Out,2018-01-01,Hazelight Studios,Adventure
The Sims 4: Get Famous,2018-01-01,Maxis Redwood Shores,Simulator
The Sims 4: Cats & Dogs,2018-01-01,Maxis Redwood Shores,Simulator
SSX 3,2018-01-01,EA Canada,Action
NHL 19,2018-01-01,EA Vancouver,Sports
The Sims 4: Seasons,2018-01-01,Maxis Redwood Shores,Simulator
The Sims 4: Outdoor Retreat,2018-01-01,Maxis Redwood Shores,Simulator
Madden NFL Overdrive,2018-01-01,Electronic Arts,Sports
The Sims 4: Spa Day,2018-01-01,Maxis Redwood Shores,Simulator
Battlefield V,2018-01-01,EA DICE,Shooter
The Sims 4: Parenthood,2018-01-01,Maxis Redwood Shores,Simulator
Burnout Paradise Remastered,2018-01-01,Criterion Games,Racing
Command & Conquer: Rivals,2018-01-01,EA Redwood Studios,Strategy
The Sims Mobile,2018-01-01,Maxis Redwood Shores / Firemonkeys Studios,Simulator
Madden NFL 19,2018-01-01,EA Tiburon,Sports
EA Sports UFC 3,2018-01-01,EA Canada,Fighting
The Sims 4: Jungle Adventure,2018-01-01,Maxis Redwood Shores,Simulator
FIFA 20,2019-01-01,EA Vancouver / EA Romania,Sports
Sea of Solitude,2019-01-01,Jo-Mei Games,Action
The Sims 4: Discover University,2019-01-01,Maxis Redwood Shores,Simulator
Star Wars Jedi: Fallen Order,2019-01-01,Respawn Entertainment,RPG
The Sims 4: Realm of Magic,2019-01-01,Maxis Redwood Shores,Simulator
Unravel Two,2019-01-01,Coldwood Interactive,Action
The Sims 4: Get Famous,2019-01-01,Maxis Redwood Shores,Simulator
Iron Force 2,2019-01-01,CoolFish Games,Shooter
Anthem,2019-01-01,BioWare,Action
NHL 20,2019-01-01,EA Vancouver,Sports
NFS Heat,2019-01-01,Ghost Games,Action
Madden NFL 20,2019-01-01,EA Tiburon,Sports
The Sims 4: Island Living,2019-01-01,Maxis Redwood Shores,Simulator
The Sims 4: StrangerVille,2019-01-01,Maxis Redwood Shores,Simulator
Apex Legends,2019-01-01,Respawn Entertainment,Battle Royal
Plants vs. Zombies: Battle for Neighborville,2019-01-01,PopCap Games,Shooter
The Sims 4 Stuff packs,2020-01-01,Maxis Redwood Shores,Simulator
FIFA 21,2020-01-01,EA Vancouver / EA Romania,Sports
The Sims 4: Snowy Escape,2020-01-01,Maxis Redwood Shores,Simulator
Medal of Honor: Above and Beyond,2020-01-01,Respawn Entertainment,Shooter
The Sims 4: Eco Lifestyle,2020-01-01,Maxis Redwood Shores,Simulator
Star Wars: Squadrons,2020-01-01,Motive Studios,RPG
Rocket Arena,2020-01-01,Final Strike Games,Action
Need for Speed: Hot Pursuit Remastered,2020-01-01,Criterion Games,Racing
Madden NFL 21 Mobile,2020-01-01,EA Tiburon,Sports
Madden NFL 21,2020-01-01,EA Tiburon,Sports
Command & Conquer Remastered Collection,2020-01-01,Petroglyph Games,Strategy
Burnout Paradise Remastered,2020-01-01,Criterion Games,Racing
NHL 21,2020-01-01,EA Vancouver,Sports
EA Sports UFC 4,2020-01-01,EA Canada,Fighting
Star Wars Jedi: Fallen Order,2020-01-01,Respawn Entertainment,RPG
The Sims 4: Star Wars: Journey to Batuu,2020-01-01,Maxis Redwood Shores,Simulator
Star Wars Jedi: Fallen Order,2021-01-01,Respawn Entertainment,RPG
The Sims 4: Cottage Living,2021-01-01,Maxis Redwood Shores,Simulator
Mass Effect Legendary Edition,2021-01-01,BioWare,Action
It Takes Two,2021-01-01,Hazelight Studios,Adventure
Battlefield 2042,2021-01-01,EA DICE,Shooter
FIFA 22,2021-01-01,EA Vancouver,Sports
Apex Legends,2021-01-01,"Respawn Entertainment, Panic Button",Battle Royal
F1 2021,2021-01-01,Codemasters,Racing
NHL 22,2021-01-01,EA Vancouver,Sports
Knockout City,2021-01-01,Velan Studios,Fighting
The Sims 4: Dream Home Decorator,2021-01-01,Maxis Redwood Shores,Simulator
Lost in Random,2021-01-01,Zoink,Action
Plants vs. Zombies: Battle for Neighborville,2021-01-01,PopCap Games,Shooter
Madden NFL 22,2021-01-01,EA Tiburon,Sports
F1 22,2022-01-01,Codemasters,Racing
The Sims 4: High School Years,2022-01-01,Maxis Redwood Shores,Simulator
NHL 23,2022-01-01,EA Vancouver,Sports
The Sims 4: My Wedding Stories,2022-01-01,Maxis Redwood Shores,Simulator
The Sims 4: Werewolves,2022-01-01,Maxis Redwood Shores,Simulator
Madden NFL 23,2022-01-01,EA Tiburon,Sports
FIFA 23,2022-01-01,EA Vancouver / EA Romania,Sports
It Takes Two,2022-01-01,Hazelight Studios,Action
Apex Legends,2022-01-01,Respawn Entertainment,Battle Royal
Need for Speed Unbound,2022-01-01,Criterion Games,Racing
GRID Legends,2022-01-01,Codemasters,Action
Immortals of Aveum,2023-01-01,Ascendant Studios,Action
Wild Hearts,2023-01-01,Omega Force,Action
NHL 24,2023-01-01,EA Vancouver,Sports
EA FC 24,2023-01-01,EA Vancouver / EA Romania,Action
EA Sports UFC 5,2023-01-01,EA Vancouver,Fighting
EA Sports WRC,2023-01-01,Codemasters,Sports
GRID Legends,2023-01-01,Codemasters,Action
F1 23,2023-01-01,Codemasters,Racing
The Sims 4: Horse Ranch,2023-01-01,Maxis Redwood Shores,Simulator
The Sims 4: Growing Together,2023-01-01,Maxis Redwood Shores,Simulator
EA Sports PGA Tour,2023-01-01,EA Tiburon,Sports
Dead Space,2023-01-01,Motive Studios,Shooter
Madden NFL 24,2023-01-01,EA Tiburon,Sports
Star Wars Jedi: Survivor,2023-01-01,Respawn Entertainment,RPG
Super Mega Baseball 4,2023-01-01,Metalhead,Sports
The Lord of the Rings: Heroes of Middle-earth,2023-01-01,Capital Games,RPG
The Sims 4: For Rent,2023-01-01,Maxis Redwood Shores,Simulator
Skate,2024-01-01,Full Circle,Action
Tales of Kenzera: Zau,2024-01-01,Surgent Studios,Action
Dragon Age: Dreadwolf,2024-01-01,BioWare,RPG
RustHeart,2024-01-01,Glowmade,Action
Untitled Star Wars strategy game,2024-01-01,Respawn Entertainment,RPG
Untitled game by Steve Fukuda,2024-01-01,Respawn Entertainment,Action
Project Rene - The Sims game,2024-01-01,Maxis,Simulator
Plants vs. Zombies 3: Welcome to Zomburbia,2024-01-01,PopCap Games,Tower Defence
Untitled Battlefield game,2024-01-01,DICE,Shooter
Untitled Black Panther game,2024-01-01,Cliffhanger Games,Adventure
Untitled Iron Man game,2024-01-01,Motive Studios,Adventure
Untitled Marvel game,2024-01-01,Unknown,Adventure
Untitled Mass Effect game,2024-01-01,BioWare,Action
Untitled Star Wars Jedi: Survivor sequel,2024-01-01,Respawn Entertainment,RPG
EA College Football,2024-01-01,Unknown,Sports
F1 24,2024-01-01,Codemasters,Racing
